site_id,site_label,freq_label,missing_count,missing_first_5
181651.8_127393.1,443/924 | 181651.8_127393.1,daily,8632,"1999-12-02 00:00:00+00:00, 1999-12-03 00:00:00+00:00, 1999-12-04 00:00:00+00:00, 1999-12-05 00:00:00+00:00, 1999-12-06 00:00:00+00:00"
182086.3_140865.0,444/85 | 182086.3_140865.0,monthly,208,"2001-07-01 00:00:00+00:00, 2001-08-01 00:00:00+00:00, 2001-09-01 00:00:00+00:00, 2001-10-01 00:00:00+00:00, 2001-11-01 00:00:00+00:00"
183790.2_146361.6,444/317 | 183790.2_146361.6,daily,8668,"1999-12-02 00:00:00+00:00, 1999-12-03 00:00:00+00:00, 1999-12-04 00:00:00+00:00, 1999-12-05 00:00:00+00:00, 1999-12-06 00:00:00+00:00"
183830.0_146440.0,444/318 | 183830.0_146440.0,31.5d,76,"2005-06-01 00:00:00+00:00, 2005-07-01 00:00:00+00:00, 2005-08-01 00:00:00+00:00, 2005-09-01 00:00:00+00:00, 2005-10-01 00:00:00+00:00"
190187.4_133281.5,432/855 | 190187.4_133281.5,monthly,256,"2003-06-01 00:00:00+00:00, 2003-07-01 00:00:00+00:00, 2003-08-01 00:00:00+00:00, 2003-09-01 00:00:00+00:00, 2003-10-01 00:00:00+00:00"
192605.4_164378.1,434/306 | 192605.4_164378.1,daily,5096,"2003-05-19 00:00:00+00:00, 2003-05-20 00:00:00+00:00, 2003-05-21 00:00:00+00:00, 2003-05-22 00:00:00+00:00, 2003-05-23 00:00:00+00:00"
192932.0_140560.5,433/297 | 192932.0_140560.5,32.0d,202,"2003-06-01 00:00:00+00:00, 2003-07-01 00:00:00+00:00, 2003-08-01 00:00:00+00:00, 2003-09-01 00:00:00+00:00, 2003-10-01 00:00:00+00:00"
193570.0_131190.0,432/77 | 193570.0_131190.0,monthly,179,"1979-04-01 00:00:00+00:00, 1979-11-01 00:00:00+00:00, 1980-08-01 00:00:00+00:00, 1980-10-01 00:00:00+00:00, 1981-01-01 00:00:00+00:00"
193590.0_131160.0,432/73 | 193590.0_131160.0,43.0d,194,"1978-03-01 00:00:00+00:00, 1978-04-01 00:00:00+00:00, 1978-05-01 00:00:00+00:00, 1978-06-01 00:00:00+00:00, 1978-07-01 00:00:00+00:00"
194088.8_135603.2,432/800 | 194088.8_135603.2,monthly,262,"2001-07-01 00:00:00+00:00, 2001-08-01 00:00:00+00:00, 2001-09-01 00:00:00+00:00, 2001-10-01 00:00:00+00:00, 2001-11-01 00:00:00+00:00"
194920.0_124180.0,432/69 | 194920.0_124180.0,monthly,21,"2000-01-01 00:00:00+00:00, 2001-03-01 00:00:00+00:00, 2001-07-01 00:00:00+00:00, 2001-08-01 00:00:00+00:00, 2001-09-01 00:00:00+00:00"
197803.0_127596.6,432/68 | 197803.0_127596.6,32.0d,445,"1978-09-01 00:00:00+00:00, 1978-10-01 00:00:00+00:00, 1978-11-01 00:00:00+00:00, 1978-12-01 00:00:00+00:00, 1979-01-01 00:00:00+00:00"
199241.8_152684.0,434/280 | 199241.8_152684.0,daily,8186,"2001-01-23 00:00:00+00:00, 2001-01-24 00:00:00+00:00, 2001-01-25 00:00:00+00:00, 2001-01-26 00:00:00+00:00, 2001-01-27 00:00:00+00:00"
199930.2_156971.4,420/12 | 199930.2_156971.4,32.0d,480,"1979-11-01 00:00:00+00:00, 1980-06-01 00:00:00+00:00, 1980-08-01 00:00:00+00:00, 1980-12-01 00:00:00+00:00, 1981-02-01 00:00:00+00:00"
204253.4_152403.4,420/8 | 204253.4_152403.4,10.0d,404,"1979-11-01 00:00:00+00:00, 1980-02-01 00:00:00+00:00, 1980-08-01 00:00:00+00:00, 1980-10-01 00:00:00+00:00, 1981-01-01 00:00:00+00:00"
204254.6_152404.1,420/9 | 204254.6_152404.1,daily,16624,"1977-09-02 00:00:00+00:00, 1977-09-03 00:00:00+00:00, 1977-09-04 00:00:00+00:00, 1977-09-05 00:00:00+00:00, 1977-09-06 00:00:00+00:00"
204500.4_154278.7,420/105 | 204500.4_154278.7,32.0d,225,"2006-02-01 00:00:00+00:00, 2006-03-01 00:00:00+00:00, 2006-04-01 00:00:00+00:00, 2006-05-01 00:00:00+00:00, 2006-06-01 00:00:00+00:00"
204980.0_135060.0,418/4 | 204980.0_135060.0,monthly,369,"1979-11-01 00:00:00+00:00, 1980-08-01 00:00:00+00:00, 1980-10-01 00:00:00+00:00, 1981-02-01 00:00:00+00:00, 1981-04-01 00:00:00+00:00"
207520.0_132260.0,418/15 | 207520.0_132260.0,monthly,405,"1979-11-01 00:00:00+00:00, 1980-08-01 00:00:00+00:00, 1980-10-01 00:00:00+00:00, 1981-02-01 00:00:00+00:00, 1981-04-01 00:00:00+00:00"
208900.0_137570.0,405/68 | 208900.0_137570.0,monthly,50,"1987-06-01 00:00:00+00:00, 1987-07-01 00:00:00+00:00, 1987-08-01 00:00:00+00:00, 1987-09-01 00:00:00+00:00, 1987-10-01 00:00:00+00:00"
208900.0_137571.0,405/69 | 208900.0_137571.0,monthly,50,"1987-06-01 00:00:00+00:00, 1987-07-01 00:00:00+00:00, 1987-08-01 00:00:00+00:00, 1987-09-01 00:00:00+00:00, 1987-10-01 00:00:00+00:00"
210180.0_147100.0,405/15 | 210180.0_147100.0,monthly,121,"2001-01-01 00:00:00+00:00, 2001-02-01 00:00:00+00:00, 2001-03-01 00:00:00+00:00, 2001-04-01 00:00:00+00:00, 2001-05-01 00:00:00+00:00"
210220.0_147150.0,405/14 | 210220.0_147150.0,monthly,0,
210460.0_134950.0,404/53 | 210460.0_134950.0,35.0d,136,"1980-02-01 00:00:00+00:00, 1980-03-01 00:00:00+00:00, 1980-04-01 00:00:00+00:00, 1980-05-01 00:00:00+00:00, 1980-06-01 00:00:00+00:00"
210725.0_147550.0,405/167 | 210725.0_147550.0,monthly,255,"2001-01-01 00:00:00+00:00, 2001-02-01 00:00:00+00:00, 2001-03-01 00:00:00+00:00, 2001-04-01 00:00:00+00:00, 2001-05-01 00:00:00+00:00"
210870.0_134850.0,404/69 | 210870.0_134850.0,monthly,313,"1980-08-01 00:00:00+00:00, 1980-10-01 00:00:00+00:00, 1981-02-01 00:00:00+00:00, 1981-04-01 00:00:00+00:00, 1981-08-01 00:00:00+00:00"
211220.0_139561.0,405/34 | 211220.0_139561.0,32.0d,323,"1979-11-01 00:00:00+00:00, 1980-08-01 00:00:00+00:00, 1980-10-01 00:00:00+00:00, 1981-01-01 00:00:00+00:00, 1981-02-01 00:00:00+00:00"
212500.0_152450.0,406/97 | 212500.0_152450.0,monthly,289,"2001-01-01 00:00:00+00:00, 2001-02-01 00:00:00+00:00, 2001-03-01 00:00:00+00:00, 2001-04-01 00:00:00+00:00, 2001-05-01 00:00:00+00:00"
214800.0_135010.0,404/51 | 214800.0_135010.0,34.0d,136,"1980-02-01 00:00:00+00:00, 1980-03-01 00:00:00+00:00, 1980-04-01 00:00:00+00:00, 1980-05-01 00:00:00+00:00, 1980-06-01 00:00:00+00:00"
216200.0_153550.0,406/27 | 216200.0_153550.0,monthly,289,"2001-01-01 00:00:00+00:00, 2001-02-01 00:00:00+00:00, 2001-03-01 00:00:00+00:00, 2001-04-01 00:00:00+00:00, 2001-05-01 00:00:00+00:00"
217820.0_133940.0,404/61 | 217820.0_133940.0,42.0d,157,"1978-05-01 00:00:00+00:00, 1978-06-01 00:00:00+00:00, 1978-07-01 00:00:00+00:00, 1978-08-01 00:00:00+00:00, 1978-09-01 00:00:00+00:00"
217840.0_133890.0,404/62 | 217840.0_133890.0,35.5d,57,"1978-02-01 00:00:00+00:00, 1978-03-01 00:00:00+00:00, 1978-04-01 00:00:00+00:00, 1978-05-01 00:00:00+00:00, 1978-06-01 00:00:00+00:00"
218110.0_148760.0,405/52 | 218110.0_148760.0,56.0d,349,"1974-11-01 00:00:00+00:00, 1974-12-01 00:00:00+00:00, 1975-01-01 00:00:00+00:00, 1975-02-01 00:00:00+00:00, 1975-03-01 00:00:00+00:00"
218350.0_148770.0,405/51 | 218350.0_148770.0,34.0d,174,"1979-11-01 00:00:00+00:00, 1979-12-01 00:00:00+00:00, 1980-01-01 00:00:00+00:00, 1980-02-01 00:00:00+00:00, 1980-03-01 00:00:00+00:00"
218850.0_137650.0,405/70 | 218850.0_137650.0,monthly,45,"1987-11-01 00:00:00+00:00, 1987-12-01 00:00:00+00:00, 1988-01-01 00:00:00+00:00, 1988-02-01 00:00:00+00:00, 1988-03-01 00:00:00+00:00"
218952.4_137569.9,405/67 | 218952.4_137569.9,daily,9008,"1987-05-02 00:00:00+00:00, 1987-05-03 00:00:00+00:00, 1987-05-04 00:00:00+00:00, 1987-05-05 00:00:00+00:00, 1987-05-06 00:00:00+00:00"
219450.0_136850.0,405/18 | 219450.0_136850.0,43.5d,147,"1979-05-01 00:00:00+00:00, 1979-06-01 00:00:00+00:00, 1979-07-01 00:00:00+00:00, 1979-08-01 00:00:00+00:00, 1979-09-01 00:00:00+00:00"
219500.0_136600.0,405/17 | 219500.0_136600.0,monthly,495,"1979-03-01 00:00:00+00:00, 1979-11-01 00:00:00+00:00, 1980-08-01 00:00:00+00:00, 1980-10-01 00:00:00+00:00, 1981-02-01 00:00:00+00:00"
219520.0_136800.0,405/11 | 219520.0_136800.0,35.0d,152,"1978-04-01 00:00:00+00:00, 1978-05-01 00:00:00+00:00, 1978-06-01 00:00:00+00:00, 1978-07-01 00:00:00+00:00, 1978-08-01 00:00:00+00:00"
219600.0_136670.0,405/12 | 219600.0_136670.0,49.0d,141,"1979-06-01 00:00:00+00:00, 1979-07-01 00:00:00+00:00, 1979-08-01 00:00:00+00:00, 1979-09-01 00:00:00+00:00, 1979-10-01 00:00:00+00:00"
219600.0_136790.0,405/13 | 219600.0_136790.0,49.0d,181,"1978-02-01 00:00:00+00:00, 1978-03-01 00:00:00+00:00, 1978-04-01 00:00:00+00:00, 1978-05-01 00:00:00+00:00, 1978-06-01 00:00:00+00:00"
219620.0_136750.0,405/7 | 219620.0_136750.0,42.5d,174,"1978-04-01 00:00:00+00:00, 1978-05-01 00:00:00+00:00, 1978-06-01 00:00:00+00:00, 1978-07-01 00:00:00+00:00, 1978-08-01 00:00:00+00:00"
221380.0_145560.0,391/243 | 221380.0_145560.0,monthly,138,"2000-07-01 00:00:00+00:00, 2001-01-01 00:00:00+00:00, 2001-02-01 00:00:00+00:00, 2001-03-01 00:00:00+00:00, 2001-04-01 00:00:00+00:00"
223430.0_152609.0,392/29 | 223430.0_152609.0,34.0d,181,"1979-04-01 00:00:00+00:00, 1979-05-01 00:00:00+00:00, 1979-06-01 00:00:00+00:00, 1979-07-01 00:00:00+00:00, 1979-08-01 00:00:00+00:00"
223580.0_141050.0,391/245 | 223580.0_141050.0,monthly,5,"2001-01-01 00:00:00+00:00, 2001-02-01 00:00:00+00:00, 2001-03-01 00:00:00+00:00, 2001-04-01 00:00:00+00:00, 2001-05-01 00:00:00+00:00"
224433.0_151239.0,391/312 | 224433.0_151239.0,32.0d,129,"2014-04-01 00:00:00+00:00, 2014-05-01 00:00:00+00:00, 2014-06-01 00:00:00+00:00, 2014-07-01 00:00:00+00:00, 2014-08-01 00:00:00+00:00"
225145.0_143834.0,391/437 | 225145.0_143834.0,32.0d,260,"2003-06-01 00:00:00+00:00, 2003-07-01 00:00:00+00:00, 2003-08-01 00:00:00+00:00, 2003-09-01 00:00:00+00:00, 2003-10-01 00:00:00+00:00"
225250.0_147750.0,391/403 | 225250.0_147750.0,monthly,18,"2001-01-01 00:00:00+00:00, 2001-02-01 00:00:00+00:00, 2001-03-01 00:00:00+00:00, 2001-04-01 00:00:00+00:00, 2001-05-01 00:00:00+00:00"
226240.0_146740.0,391/33 | 226240.0_146740.0,monthly,421,"1979-04-01 00:00:00+00:00, 1979-07-01 00:00:00+00:00, 1979-11-01 00:00:00+00:00, 1980-02-01 00:00:00+00:00, 1980-06-01 00:00:00+00:00"
226750.0_129400.0,390/114 | 226750.0_129400.0,monthly,21,"2000-10-01 00:00:00+00:00, 2000-12-01 00:00:00+00:00, 2001-02-01 00:00:00+00:00, 2001-06-01 00:00:00+00:00, 2001-08-01 00:00:00+00:00"
226762.3_129293.6,390/208 | 226762.3_129293.6,monthly,40,"2018-01-01 00:00:00+00:00, 2018-04-01 00:00:00+00:00, 2018-05-01 00:00:00+00:00, 2018-07-01 00:00:00+00:00, 2018-09-01 00:00:00+00:00"
226850.0_129648.0,390/110 | 226850.0_129648.0,monthly,156,"1980-08-01 00:00:00+00:00, 1980-09-01 00:00:00+00:00, 1980-10-01 00:00:00+00:00, 1980-11-01 00:00:00+00:00, 1980-12-01 00:00:00+00:00"
230287.3_134002.7,376/24 | 230287.3_134002.7,monthly,40,"2018-01-01 00:00:00+00:00, 2018-04-01 00:00:00+00:00, 2018-05-01 00:00:00+00:00, 2018-07-01 00:00:00+00:00, 2018-09-01 00:00:00+00:00"
231100.0_152520.0,378/129 | 231100.0_152520.0,monthly,26,"2000-06-01 00:00:00+00:00, 2000-07-01 00:00:00+00:00, 2000-08-01 00:00:00+00:00, 2000-09-01 00:00:00+00:00, 2000-10-01 00:00:00+00:00"
234273.0_148399.0,377/94 | 234273.0_148399.0,monthly,424,"1979-04-01 00:00:00+00:00, 1979-06-01 00:00:00+00:00, 1979-07-01 00:00:00+00:00, 1979-11-01 00:00:00+00:00, 1980-03-01 00:00:00+00:00"
234440.0_144320.0,377/86 | 234440.0_144320.0,monthly,270,"2002-07-01 00:00:00+00:00, 2002-08-01 00:00:00+00:00, 2002-09-01 00:00:00+00:00, 2002-10-01 00:00:00+00:00, 2002-11-01 00:00:00+00:00"
236421.55_145228.17,377/59 | 236421.55_145228.17,monthly,33,"2018-01-01 00:00:00+00:00, 2018-04-01 00:00:00+00:00, 2018-05-01 00:00:00+00:00, 2018-06-01 00:00:00+00:00, 2018-07-01 00:00:00+00:00"
236849.0_146991.0,377/54 | 236849.0_146991.0,monthly,40,"2018-01-01 00:00:00+00:00, 2018-04-01 00:00:00+00:00, 2018-05-01 00:00:00+00:00, 2018-07-01 00:00:00+00:00, 2018-09-01 00:00:00+00:00"
237074.55_146687.19,377/56 | 237074.55_146687.19,monthly,42,"2018-04-01 00:00:00+00:00, 2018-05-01 00:00:00+00:00, 2018-07-01 00:00:00+00:00, 2018-09-01 00:00:00+00:00, 2018-11-01 00:00:00+00:00"
237288.0_147302.4,377/84 | 237288.0_147302.4,monthly,24,"2018-01-01 00:00:00+00:00, 2018-04-01 00:00:00+00:00, 2018-05-01 00:00:00+00:00, 2018-07-01 00:00:00+00:00, 2018-09-01 00:00:00+00:00"
242560.0_159699.0,365/71 | 242560.0_159699.0,monthly,122,"1984-02-01 00:00:00+00:00, 1984-03-01 00:00:00+00:00, 1984-04-01 00:00:00+00:00, 1984-05-01 00:00:00+00:00, 1984-06-01 00:00:00+00:00"
243682.0_161816.0,365/1076 | 243682.0_161816.0,33.0d,56,"2015-05-01 00:00:00+00:00, 2015-06-01 00:00:00+00:00, 2015-07-01 00:00:00+00:00, 2015-08-01 00:00:00+00:00, 2015-09-01 00:00:00+00:00"
244939.0_161614.0,365/233 | 244939.0_161614.0,60.5d,4,"2020-05-01 00:00:00+00:00, 2020-06-01 00:00:00+00:00, 2020-07-01 00:00:00+00:00, 2020-08-01 00:00:00+00:00"
249470.0_158510.0,365/428 | 249470.0_158510.0,monthly,93,"2001-01-01 00:00:00+00:00, 2001-02-01 00:00:00+00:00, 2001-03-01 00:00:00+00:00, 2001-04-01 00:00:00+00:00, 2001-05-01 00:00:00+00:00"
252892.0_163432.0,353/687 | 252892.0_163432.0,32.0d,69,"2014-04-01 00:00:00+00:00, 2014-05-01 00:00:00+00:00, 2014-06-01 00:00:00+00:00, 2014-07-01 00:00:00+00:00, 2014-08-01 00:00:00+00:00"
253600.0_162940.0,353/353 | 253600.0_162940.0,monthly,18,"2002-08-01 00:00:00+00:00, 2002-09-01 00:00:00+00:00, 2002-10-01 00:00:00+00:00, 2002-11-01 00:00:00+00:00, 2002-12-01 00:00:00+00:00"
258000.0_165000.0,353/346 | 258000.0_165000.0,monthly,37,"2001-01-01 00:00:00+00:00, 2001-02-01 00:00:00+00:00, 2001-03-01 00:00:00+00:00, 2001-04-01 00:00:00+00:00, 2001-05-01 00:00:00+00:00"
264430.0_169860.0,342/78 | 264430.0_169860.0,monthly,127,"2001-01-01 00:00:00+00:00, 2001-02-01 00:00:00+00:00, 2001-03-01 00:00:00+00:00, 2001-04-01 00:00:00+00:00, 2001-05-01 00:00:00+00:00"
265050.0_165540.0,341/17 | 265050.0_165540.0,monthly,287,"2000-08-01 00:00:00+00:00, 2001-01-01 00:00:00+00:00, 2001-02-01 00:00:00+00:00, 2001-03-01 00:00:00+00:00, 2001-04-01 00:00:00+00:00"
266560.0_170240.0,342/97 | 266560.0_170240.0,monthly,87,"2001-01-01 00:00:00+00:00, 2001-02-01 00:00:00+00:00, 2001-03-01 00:00:00+00:00, 2001-04-01 00:00:00+00:00, 2001-05-01 00:00:00+00:00"
270910.0_170980.0,330/183 | 270910.0_170980.0,monthly,288,"2001-01-01 00:00:00+00:00, 2001-02-01 00:00:00+00:00, 2001-03-01 00:00:00+00:00, 2001-04-01 00:00:00+00:00, 2001-05-01 00:00:00+00:00"
271040.0_166700.0,329/6 | 271040.0_166700.0,monthly,19,"2001-01-01 00:00:00+00:00, 2001-02-01 00:00:00+00:00, 2001-03-01 00:00:00+00:00, 2001-04-01 00:00:00+00:00, 2001-05-01 00:00:00+00:00"
279051.0_188592.0,331/2 | 279051.0_188592.0,monthly,97,"2016-12-01 00:00:00+00:00, 2017-01-01 00:00:00+00:00, 2017-02-01 00:00:00+00:00, 2017-03-01 00:00:00+00:00, 2017-04-01 00:00:00+00:00"
