site_id,site_label,y_m,x_m,n_obs,first_date,last_date,mean_piezometric_level,freq_label,missing_count,missing_first_5
181651.8_127393.1,443/924 | 181651.8_127393.1,181651.8,127393.1,534,1999-12-01 00:00:00+00:00,2025-01-03 00:00:00+00:00,6.843539,daily,8632,"1999-12-02 00:00:00+00:00, 1999-12-03 00:00:00+00:00, 1999-12-04 00:00:00+00:00, 1999-12-05 00:00:00+00:00, 1999-12-06 00:00:00+00:00"
182086.3_140865.0,444/85 | 182086.3_140865.0,182086.3,140865.0,155,2001-01-01 00:00:00+00:00,2019-03-01 00:00:00+00:00,29.440453,monthly,208,"2001-07-01 00:00:00+00:00, 2001-08-01 00:00:00+00:00, 2001-09-01 00:00:00+00:00, 2001-10-01 00:00:00+00:00, 2001-11-01 00:00:00+00:00"
183790.2_146361.6,444/317 | 183790.2_146361.6,183790.2,146361.6,505,1999-12-01 00:00:00+00:00,2025-01-10 00:00:00+00:00,16.4939,daily,8668,"1999-12-02 00:00:00+00:00, 1999-12-03 00:00:00+00:00, 1999-12-04 00:00:00+00:00, 1999-12-05 00:00:00+00:00, 1999-12-06 00:00:00+00:00"
183830.0_146440.0,444/318 | 183830.0_146440.0,183830.0,146440.0,59,2005-05-23 00:00:00+00:00,2011-11-07 00:00:00+00:00,21.083897,31.5d,76,"2005-06-01 00:00:00+00:00, 2005-07-01 00:00:00+00:00, 2005-08-01 00:00:00+00:00, 2005-09-01 00:00:00+00:00, 2005-10-01 00:00:00+00:00"
190187.4_133281.5,432/855 | 190187.4_133281.5,190187.4,133281.5,178,2003-05-14 00:00:00+00:00,2025-01-10 00:00:00+00:00,11.44809,monthly,256,"2003-06-01 00:00:00+00:00, 2003-07-01 00:00:00+00:00, 2003-08-01 00:00:00+00:00, 2003-09-01 00:00:00+00:00, 2003-10-01 00:00:00+00:00"
192605.4_164378.1,434/306 | 192605.4_164378.1,192605.4,164378.1,2202,2003-05-18 00:00:00+00:00,2023-05-10 00:00:00+00:00,30.788197,daily,5096,"2003-05-19 00:00:00+00:00, 2003-05-20 00:00:00+00:00, 2003-05-21 00:00:00+00:00, 2003-05-22 00:00:00+00:00, 2003-05-23 00:00:00+00:00"
192932.0_140560.5,433/297 | 192932.0_140560.5,192932.0,140560.5,142,2003-05-13 00:00:00+00:00,2020-05-19 00:00:00+00:00,14.512676,32.0d,202,"2003-06-01 00:00:00+00:00, 2003-07-01 00:00:00+00:00, 2003-08-01 00:00:00+00:00, 2003-09-01 00:00:00+00:00, 2003-10-01 00:00:00+00:00"
193570.0_131190.0,432/77 | 193570.0_131190.0,193570.0,131190.0,100,1978-09-01 00:00:00+00:00,2001-09-26 00:00:00+00:00,-8.201099,monthly,179,"1979-04-01 00:00:00+00:00, 1979-11-01 00:00:00+00:00, 1980-08-01 00:00:00+00:00, 1980-10-01 00:00:00+00:00, 1981-01-01 00:00:00+00:00"
193590.0_131160.0,432/73 | 193590.0_131160.0,193590.0,131160.0,102,1978-02-14 00:00:00+00:00,1994-05-12 00:00:00+00:00,26.112059,43.0d,194,"1978-03-01 00:00:00+00:00, 1978-04-01 00:00:00+00:00, 1978-05-01 00:00:00+00:00, 1978-06-01 00:00:00+00:00, 1978-07-01 00:00:00+00:00"
194088.8_135603.2,432/800 | 194088.8_135603.2,194088.8,135603.2,204,1999-12-01 00:00:00+00:00,2023-06-23 00:00:00+00:00,8.480196,monthly,262,"2001-07-01 00:00:00+00:00, 2001-08-01 00:00:00+00:00, 2001-09-01 00:00:00+00:00, 2001-10-01 00:00:00+00:00, 2001-11-01 00:00:00+00:00"
194920.0_124180.0,432/69 | 194920.0_124180.0,194920.0,124180.0,21,1999-12-01 00:00:00+00:00,2003-01-30 00:00:00+00:00,0.2057143,monthly,21,"2000-01-01 00:00:00+00:00, 2001-03-01 00:00:00+00:00, 2001-07-01 00:00:00+00:00, 2001-08-01 00:00:00+00:00, 2001-09-01 00:00:00+00:00"
197803.0_127596.6,432/68 | 197803.0_127596.6,197803.0,127596.6,283,1978-08-01 00:00:00+00:00,2025-01-03 00:00:00+00:00,-2.0028975,32.0d,445,"1978-09-01 00:00:00+00:00, 1978-10-01 00:00:00+00:00, 1978-11-01 00:00:00+00:00, 1978-12-01 00:00:00+00:00, 1979-01-01 00:00:00+00:00"
199241.8_152684.0,434/280 | 199241.8_152684.0,199241.8,152684.0,569,2001-01-22 00:00:00+00:00,2025-01-10 00:00:00+00:00,38.12826,daily,8186,"2001-01-23 00:00:00+00:00, 2001-01-24 00:00:00+00:00, 2001-01-25 00:00:00+00:00, 2001-01-26 00:00:00+00:00, 2001-01-27 00:00:00+00:00"
199930.2_156971.4,420/12 | 199930.2_156971.4,199930.2,156971.4,262,1979-04-01 00:00:00+00:00,2025-01-10 00:00:00+00:00,53.118816,32.0d,480,"1979-11-01 00:00:00+00:00, 1980-06-01 00:00:00+00:00, 1980-08-01 00:00:00+00:00, 1980-12-01 00:00:00+00:00, 1981-02-01 00:00:00+00:00"
204253.4_152403.4,420/8 | 204253.4_152403.4,204253.4,152403.4,799,1977-09-01 00:00:00+00:00,2025-01-10 00:00:00+00:00,16.384594,10.0d,404,"1979-11-01 00:00:00+00:00, 1980-02-01 00:00:00+00:00, 1980-08-01 00:00:00+00:00, 1980-10-01 00:00:00+00:00, 1981-01-01 00:00:00+00:00"
204254.6_152404.1,420/9 | 204254.6_152404.1,204254.6,152404.1,675,1977-09-01 00:00:00+00:00,2025-01-10 00:00:00+00:00,16.764015,daily,16624,"1977-09-02 00:00:00+00:00, 1977-09-03 00:00:00+00:00, 1977-09-04 00:00:00+00:00, 1977-09-05 00:00:00+00:00, 1977-09-06 00:00:00+00:00"
204500.4_154278.7,420/105 | 204500.4_154278.7,204500.4,154278.7,134,2006-01-26 00:00:00+00:00,2025-01-10 00:00:00+00:00,28.939476,32.0d,225,"2006-02-01 00:00:00+00:00, 2006-03-01 00:00:00+00:00, 2006-04-01 00:00:00+00:00, 2006-05-01 00:00:00+00:00, 2006-06-01 00:00:00+00:00"
204980.0_135060.0,418/4 | 204980.0_135060.0,204980.0,135060.0,311,1979-05-01 00:00:00+00:00,2020-02-24 00:00:00+00:00,13.684918,monthly,369,"1979-11-01 00:00:00+00:00, 1980-08-01 00:00:00+00:00, 1980-10-01 00:00:00+00:00, 1981-02-01 00:00:00+00:00, 1981-04-01 00:00:00+00:00"
207520.0_132260.0,418/15 | 207520.0_132260.0,207520.0,132260.0,371,1979-10-01 00:00:00+00:00,2025-01-16 00:00:00+00:00,7.824151,monthly,405,"1979-11-01 00:00:00+00:00, 1980-08-01 00:00:00+00:00, 1980-10-01 00:00:00+00:00, 1981-02-01 00:00:00+00:00, 1981-04-01 00:00:00+00:00"
208900.0_137570.0,405/68 | 208900.0_137570.0,208900.0,137570.0,50,1987-05-13 00:00:00+00:00,1991-07-26 00:00:00+00:00,3.447,monthly,50,"1987-06-01 00:00:00+00:00, 1987-07-01 00:00:00+00:00, 1987-08-01 00:00:00+00:00, 1987-09-01 00:00:00+00:00, 1987-10-01 00:00:00+00:00"
208900.0_137571.0,405/69 | 208900.0_137571.0,208900.0,137571.0,44,1987-05-13 00:00:00+00:00,1991-07-26 00:00:00+00:00,2.0256817,monthly,50,"1987-06-01 00:00:00+00:00, 1987-07-01 00:00:00+00:00, 1987-08-01 00:00:00+00:00, 1987-09-01 00:00:00+00:00, 1987-10-01 00:00:00+00:00"
210180.0_147100.0,405/15 | 210180.0_147100.0,210180.0,147100.0,92,1999-12-01 00:00:00+00:00,2011-01-17 00:00:00+00:00,6.1425,monthly,121,"2001-01-01 00:00:00+00:00, 2001-02-01 00:00:00+00:00, 2001-03-01 00:00:00+00:00, 2001-04-01 00:00:00+00:00, 2001-05-01 00:00:00+00:00"
210220.0_147150.0,405/14 | 210220.0_147150.0,210220.0,147150.0,5,2000-01-01 00:00:00+00:00,2000-05-01 00:00:00+00:00,7.372,monthly,0,
210460.0_134950.0,404/53 | 210460.0_134950.0,210460.0,134950.0,106,1980-01-24 00:00:00+00:00,1991-07-09 00:00:00+00:00,3.5322642,35.0d,136,"1980-02-01 00:00:00+00:00, 1980-03-01 00:00:00+00:00, 1980-04-01 00:00:00+00:00, 1980-05-01 00:00:00+00:00, 1980-06-01 00:00:00+00:00"
210725.0_147550.0,405/167 | 210725.0_147550.0,210725.0,147550.0,203,1999-12-01 00:00:00+00:00,2022-03-17 00:00:00+00:00,6.261527,monthly,255,"2001-01-01 00:00:00+00:00, 2001-02-01 00:00:00+00:00, 2001-03-01 00:00:00+00:00, 2001-04-01 00:00:00+00:00, 2001-05-01 00:00:00+00:00"
210870.0_134850.0,404/69 | 210870.0_134850.0,210870.0,134850.0,267,1980-01-01 00:00:00+00:00,2016-11-28 00:00:00+00:00,-0.53329587,monthly,313,"1980-08-01 00:00:00+00:00, 1980-10-01 00:00:00+00:00, 1981-02-01 00:00:00+00:00, 1981-04-01 00:00:00+00:00, 1981-08-01 00:00:00+00:00"
211220.0_139561.0,405/34 | 211220.0_139561.0,211220.0,139561.0,131,1979-06-01 00:00:00+00:00,2011-02-07 00:00:00+00:00,17.969084,32.0d,323,"1979-11-01 00:00:00+00:00, 1980-08-01 00:00:00+00:00, 1980-10-01 00:00:00+00:00, 1981-01-01 00:00:00+00:00, 1981-02-01 00:00:00+00:00"
212500.0_152450.0,406/97 | 212500.0_152450.0,212500.0,152450.0,232,1999-12-01 00:00:00+00:00,2025-01-16 00:00:00+00:00,33.13185,monthly,289,"2001-01-01 00:00:00+00:00, 2001-02-01 00:00:00+00:00, 2001-03-01 00:00:00+00:00, 2001-04-01 00:00:00+00:00, 2001-05-01 00:00:00+00:00"
214800.0_135010.0,404/51 | 214800.0_135010.0,214800.0,135010.0,107,1980-01-24 00:00:00+00:00,1991-07-08 00:00:00+00:00,-3.8897197,34.0d,136,"1980-02-01 00:00:00+00:00, 1980-03-01 00:00:00+00:00, 1980-04-01 00:00:00+00:00, 1980-05-01 00:00:00+00:00, 1980-06-01 00:00:00+00:00"
216200.0_153550.0,406/27 | 216200.0_153550.0,216200.0,153550.0,243,1999-12-01 00:00:00+00:00,2025-01-16 00:00:00+00:00,36.88712,monthly,289,"2001-01-01 00:00:00+00:00, 2001-02-01 00:00:00+00:00, 2001-03-01 00:00:00+00:00, 2001-04-01 00:00:00+00:00, 2001-05-01 00:00:00+00:00"
217820.0_133940.0,404/61 | 217820.0_133940.0,217820.0,133940.0,86,1978-04-20 00:00:00+00:00,1991-07-08 00:00:00+00:00,-12.66907,42.0d,157,"1978-05-01 00:00:00+00:00, 1978-06-01 00:00:00+00:00, 1978-07-01 00:00:00+00:00, 1978-08-01 00:00:00+00:00, 1978-09-01 00:00:00+00:00"
217840.0_133890.0,404/62 | 217840.0_133890.0,217840.0,133890.0,39,1978-01-12 00:00:00+00:00,1982-11-02 00:00:00+00:00,-6.9353848,35.5d,57,"1978-02-01 00:00:00+00:00, 1978-03-01 00:00:00+00:00, 1978-04-01 00:00:00+00:00, 1978-05-01 00:00:00+00:00, 1978-06-01 00:00:00+00:00"
218110.0_148760.0,405/52 | 218110.0_148760.0,218110.0,148760.0,93,1974-10-01 00:00:00+00:00,2008-09-25 00:00:00+00:00,26.901934,56.0d,349,"1974-11-01 00:00:00+00:00, 1974-12-01 00:00:00+00:00, 1975-01-01 00:00:00+00:00, 1975-02-01 00:00:00+00:00, 1975-03-01 00:00:00+00:00"
218350.0_148770.0,405/51 | 218350.0_148770.0,218350.0,148770.0,121,1979-10-11 00:00:00+00:00,1994-05-13 00:00:00+00:00,13.909587,34.0d,174,"1979-11-01 00:00:00+00:00, 1979-12-01 00:00:00+00:00, 1980-01-01 00:00:00+00:00, 1980-02-01 00:00:00+00:00, 1980-03-01 00:00:00+00:00"
218850.0_137650.0,405/70 | 218850.0_137650.0,218850.0,137650.0,43,1987-10-15 00:00:00+00:00,1991-07-26 00:00:00+00:00,0.91697675,monthly,45,"1987-11-01 00:00:00+00:00, 1987-12-01 00:00:00+00:00, 1988-01-01 00:00:00+00:00, 1988-02-01 00:00:00+00:00, 1988-03-01 00:00:00+00:00"
218952.4_137569.9,405/67 | 218952.4_137569.9,218952.4,137569.9,4152,1987-05-01 00:00:00+00:00,2023-05-11 00:00:00+00:00,0.8685742,daily,9008,"1987-05-02 00:00:00+00:00, 1987-05-03 00:00:00+00:00, 1987-05-04 00:00:00+00:00, 1987-05-05 00:00:00+00:00, 1987-05-06 00:00:00+00:00"
219450.0_136850.0,405/18 | 219450.0_136850.0,219450.0,136850.0,55,1979-04-27 00:00:00+00:00,1991-07-08 00:00:00+00:00,-0.3750909,43.5d,147,"1979-05-01 00:00:00+00:00, 1979-06-01 00:00:00+00:00, 1979-07-01 00:00:00+00:00, 1979-08-01 00:00:00+00:00, 1979-09-01 00:00:00+00:00"
219500.0_136600.0,405/17 | 219500.0_136600.0,219500.0,136600.0,275,1979-02-01 00:00:00+00:00,2025-01-16 00:00:00+00:00,5.837782,monthly,495,"1979-03-01 00:00:00+00:00, 1979-11-01 00:00:00+00:00, 1980-08-01 00:00:00+00:00, 1980-10-01 00:00:00+00:00, 1981-02-01 00:00:00+00:00"
219520.0_136800.0,405/11 | 219520.0_136800.0,219520.0,136800.0,102,1978-03-02 00:00:00+00:00,1991-01-15 00:00:00+00:00,-0.76617646,35.0d,152,"1978-04-01 00:00:00+00:00, 1978-05-01 00:00:00+00:00, 1978-06-01 00:00:00+00:00, 1978-07-01 00:00:00+00:00, 1978-08-01 00:00:00+00:00"
219600.0_136670.0,405/12 | 219600.0_136670.0,219600.0,136670.0,41,1979-05-29 00:00:00+00:00,1991-02-14 00:00:00+00:00,-1.7007318,49.0d,141,"1979-06-01 00:00:00+00:00, 1979-07-01 00:00:00+00:00, 1979-08-01 00:00:00+00:00, 1979-09-01 00:00:00+00:00, 1979-10-01 00:00:00+00:00"
219600.0_136790.0,405/13 | 219600.0_136790.0,219600.0,136790.0,75,1978-01-12 00:00:00+00:00,1993-02-23 00:00:00+00:00,-0.72146666,49.0d,181,"1978-02-01 00:00:00+00:00, 1978-03-01 00:00:00+00:00, 1978-04-01 00:00:00+00:00, 1978-05-01 00:00:00+00:00, 1978-06-01 00:00:00+00:00"
219620.0_136750.0,405/7 | 219620.0_136750.0,219620.0,136750.0,55,1978-03-08 00:00:00+00:00,1992-09-26 00:00:00+00:00,0.7881818,42.5d,174,"1978-04-01 00:00:00+00:00, 1978-05-01 00:00:00+00:00, 1978-06-01 00:00:00+00:00, 1978-07-01 00:00:00+00:00, 1978-08-01 00:00:00+00:00"
221380.0_145560.0,391/243 | 221380.0_145560.0,221380.0,145560.0,109,1999-12-01 00:00:00+00:00,2012-05-09 00:00:00+00:00,6.6370645,monthly,138,"2000-07-01 00:00:00+00:00, 2001-01-01 00:00:00+00:00, 2001-02-01 00:00:00+00:00, 2001-03-01 00:00:00+00:00, 2001-04-01 00:00:00+00:00"
223430.0_152609.0,392/29 | 223430.0_152609.0,223430.0,152609.0,125,1979-03-13 00:00:00+00:00,1994-05-13 00:00:00+00:00,22.70312,34.0d,181,"1979-04-01 00:00:00+00:00, 1979-05-01 00:00:00+00:00, 1979-06-01 00:00:00+00:00, 1979-07-01 00:00:00+00:00, 1979-08-01 00:00:00+00:00"
223580.0_141050.0,391/245 | 223580.0_141050.0,223580.0,141050.0,16,1999-12-01 00:00:00+00:00,2001-05-07 00:00:00+00:00,1.329375,monthly,5,"2001-01-01 00:00:00+00:00, 2001-02-01 00:00:00+00:00, 2001-03-01 00:00:00+00:00, 2001-04-01 00:00:00+00:00, 2001-05-01 00:00:00+00:00"
224433.0_151239.0,391/312 | 224433.0_151239.0,224433.0,151239.0,106,2014-03-27 00:00:00+00:00,2025-01-16 00:00:00+00:00,4.8179245,32.0d,129,"2014-04-01 00:00:00+00:00, 2014-05-01 00:00:00+00:00, 2014-06-01 00:00:00+00:00, 2014-07-01 00:00:00+00:00, 2014-08-01 00:00:00+00:00"
225145.0_143834.0,391/437 | 225145.0_143834.0,225145.0,143834.0,185,2003-05-14 00:00:00+00:00,2025-01-16 00:00:00+00:00,-2.125892,32.0d,260,"2003-06-01 00:00:00+00:00, 2003-07-01 00:00:00+00:00, 2003-08-01 00:00:00+00:00, 2003-09-01 00:00:00+00:00, 2003-10-01 00:00:00+00:00"
225250.0_147750.0,391/403 | 225250.0_147750.0,225250.0,147750.0,17,1999-12-01 00:00:00+00:00,2002-06-12 00:00:00+00:00,0.20647058,monthly,18,"2001-01-01 00:00:00+00:00, 2001-02-01 00:00:00+00:00, 2001-03-01 00:00:00+00:00, 2001-04-01 00:00:00+00:00, 2001-05-01 00:00:00+00:00"
226240.0_146740.0,391/33 | 226240.0_146740.0,226240.0,146740.0,358,1979-03-01 00:00:00+00:00,2025-01-16 00:00:00+00:00,16.513966,monthly,421,"1979-04-01 00:00:00+00:00, 1979-07-01 00:00:00+00:00, 1979-11-01 00:00:00+00:00, 1980-02-01 00:00:00+00:00, 1980-06-01 00:00:00+00:00"
226750.0_129400.0,390/114 | 226750.0_129400.0,226750.0,129400.0,27,1999-12-01 00:00:00+00:00,2003-01-08 00:00:00+00:00,-3.3092592,monthly,21,"2000-10-01 00:00:00+00:00, 2000-12-01 00:00:00+00:00, 2001-02-01 00:00:00+00:00, 2001-06-01 00:00:00+00:00, 2001-08-01 00:00:00+00:00"
226762.3_129293.6,390/208 | 226762.3_129293.6,226762.3,129293.6,81,2017-10-01 00:00:00+00:00,2024-09-02 00:00:00+00:00,-1.2245679,monthly,40,"2018-01-01 00:00:00+00:00, 2018-04-01 00:00:00+00:00, 2018-05-01 00:00:00+00:00, 2018-07-01 00:00:00+00:00, 2018-09-01 00:00:00+00:00"
226850.0_129648.0,390/110 | 226850.0_129648.0,226850.0,129648.0,136,1980-07-30 00:00:00+00:00,1994-05-02 00:00:00+00:00,-7.8736033,monthly,156,"1980-08-01 00:00:00+00:00, 1980-09-01 00:00:00+00:00, 1980-10-01 00:00:00+00:00, 1980-11-01 00:00:00+00:00, 1980-12-01 00:00:00+00:00"
230287.3_134002.7,376/24 | 230287.3_134002.7,230287.3,134002.7,81,2017-10-01 00:00:00+00:00,2024-09-02 00:00:00+00:00,-8.961975,monthly,40,"2018-01-01 00:00:00+00:00, 2018-04-01 00:00:00+00:00, 2018-05-01 00:00:00+00:00, 2018-07-01 00:00:00+00:00, 2018-09-01 00:00:00+00:00"
231100.0_152520.0,378/129 | 231100.0_152520.0,231100.0,152520.0,8,1999-12-01 00:00:00+00:00,2002-07-18 00:00:00+00:00,13.587501,monthly,26,"2000-06-01 00:00:00+00:00, 2000-07-01 00:00:00+00:00, 2000-08-01 00:00:00+00:00, 2000-09-01 00:00:00+00:00, 2000-10-01 00:00:00+00:00"
234273.0_148399.0,377/94 | 234273.0_148399.0,234273.0,148399.0,354,1979-03-01 00:00:00+00:00,2025-01-16 00:00:00+00:00,19.533531,monthly,424,"1979-04-01 00:00:00+00:00, 1979-06-01 00:00:00+00:00, 1979-07-01 00:00:00+00:00, 1979-11-01 00:00:00+00:00, 1980-03-01 00:00:00+00:00"
234440.0_144320.0,377/86 | 234440.0_144320.0,234440.0,144320.0,214,2002-06-14 00:00:00+00:00,2025-01-09 00:00:00+00:00,1.0247663,monthly,270,"2002-07-01 00:00:00+00:00, 2002-08-01 00:00:00+00:00, 2002-09-01 00:00:00+00:00, 2002-10-01 00:00:00+00:00, 2002-11-01 00:00:00+00:00"
236421.55_145228.17,377/59 | 236421.55_145228.17,236421.55,145228.17,36,2017-10-01 00:00:00+00:00,2021-12-02 00:00:00+00:00,-1.0627779,monthly,33,"2018-01-01 00:00:00+00:00, 2018-04-01 00:00:00+00:00, 2018-05-01 00:00:00+00:00, 2018-06-01 00:00:00+00:00, 2018-07-01 00:00:00+00:00"
236849.0_146991.0,377/54 | 236849.0_146991.0,236849.0,146991.0,80,2017-10-01 00:00:00+00:00,2024-09-02 00:00:00+00:00,-1.0903751,monthly,40,"2018-01-01 00:00:00+00:00, 2018-04-01 00:00:00+00:00, 2018-05-01 00:00:00+00:00, 2018-07-01 00:00:00+00:00, 2018-09-01 00:00:00+00:00"
237074.55_146687.19,377/56 | 237074.55_146687.19,237074.53,146687.19,73,2018-01-02 00:00:00+00:00,2024-09-02 00:00:00+00:00,3.1428769,monthly,42,"2018-04-01 00:00:00+00:00, 2018-05-01 00:00:00+00:00, 2018-07-01 00:00:00+00:00, 2018-09-01 00:00:00+00:00, 2018-11-01 00:00:00+00:00"
237288.0_147302.4,377/84 | 237288.0_147302.4,237288.0,147302.4,51,2017-10-01 00:00:00+00:00,2021-12-02 00:00:00+00:00,-1.215098,monthly,24,"2018-01-01 00:00:00+00:00, 2018-04-01 00:00:00+00:00, 2018-05-01 00:00:00+00:00, 2018-07-01 00:00:00+00:00, 2018-09-01 00:00:00+00:00"
242560.0_159699.0,365/71 | 242560.0_159699.0,242560.0,159699.0,120,1984-01-11 00:00:00+00:00,1994-05-05 00:00:00+00:00,80.33775,monthly,122,"1984-02-01 00:00:00+00:00, 1984-03-01 00:00:00+00:00, 1984-04-01 00:00:00+00:00, 1984-05-01 00:00:00+00:00, 1984-06-01 00:00:00+00:00"
243682.0_161816.0,365/1076 | 243682.0_161816.0,243682.0,161816.0,42,2015-04-27 00:00:00+00:00,2020-01-30 00:00:00+00:00,7.297143,33.0d,56,"2015-05-01 00:00:00+00:00, 2015-06-01 00:00:00+00:00, 2015-07-01 00:00:00+00:00, 2015-08-01 00:00:00+00:00, 2015-09-01 00:00:00+00:00"
244939.0_161614.0,365/233 | 244939.0_161614.0,244939.0,161614.0,3,2020-04-29 00:00:00+00:00,2020-08-28 00:00:00+00:00,5.4066663,60.5d,4,"2020-05-01 00:00:00+00:00, 2020-06-01 00:00:00+00:00, 2020-07-01 00:00:00+00:00, 2020-08-01 00:00:00+00:00"
249470.0_158510.0,365/428 | 249470.0_158510.0,249470.0,158510.0,62,1999-12-01 00:00:00+00:00,2008-09-11 00:00:00+00:00,-15.773387,monthly,93,"2001-01-01 00:00:00+00:00, 2001-02-01 00:00:00+00:00, 2001-03-01 00:00:00+00:00, 2001-04-01 00:00:00+00:00, 2001-05-01 00:00:00+00:00"
252892.0_163432.0,353/687 | 252892.0_163432.0,252892.0,163432.0,53,2014-03-27 00:00:00+00:00,2020-01-30 00:00:00+00:00,-3.087547,32.0d,69,"2014-04-01 00:00:00+00:00, 2014-05-01 00:00:00+00:00, 2014-06-01 00:00:00+00:00, 2014-07-01 00:00:00+00:00, 2014-08-01 00:00:00+00:00"
253600.0_162940.0,353/353 | 253600.0_162940.0,253600.0,162940.0,9,2002-07-16 00:00:00+00:00,2004-01-02 00:00:00+00:00,40.88667,monthly,18,"2002-08-01 00:00:00+00:00, 2002-09-01 00:00:00+00:00, 2002-10-01 00:00:00+00:00, 2002-11-01 00:00:00+00:00, 2002-12-01 00:00:00+00:00"
258000.0_165000.0,353/346 | 258000.0_165000.0,258000.0,165000.0,29,1999-12-01 00:00:00+00:00,2004-01-02 00:00:00+00:00,9.9951725,monthly,37,"2001-01-01 00:00:00+00:00, 2001-02-01 00:00:00+00:00, 2001-03-01 00:00:00+00:00, 2001-04-01 00:00:00+00:00, 2001-05-01 00:00:00+00:00"
264430.0_169860.0,342/78 | 264430.0_169860.0,264430.0,169860.0,97,1999-12-01 00:00:00+00:00,2011-07-11 00:00:00+00:00,14.241856,monthly,127,"2001-01-01 00:00:00+00:00, 2001-02-01 00:00:00+00:00, 2001-03-01 00:00:00+00:00, 2001-04-01 00:00:00+00:00, 2001-05-01 00:00:00+00:00"
265050.0_165540.0,341/17 | 265050.0_165540.0,265050.0,165540.0,211,1999-12-01 00:00:00+00:00,2024-11-07 00:00:00+00:00,15.759147,monthly,287,"2000-08-01 00:00:00+00:00, 2001-01-01 00:00:00+00:00, 2001-02-01 00:00:00+00:00, 2001-03-01 00:00:00+00:00, 2001-04-01 00:00:00+00:00"
266560.0_170240.0,342/97 | 266560.0_170240.0,266560.0,170240.0,64,1999-12-01 00:00:00+00:00,2008-03-18 00:00:00+00:00,12.389063,monthly,87,"2001-01-01 00:00:00+00:00, 2001-02-01 00:00:00+00:00, 2001-03-01 00:00:00+00:00, 2001-04-01 00:00:00+00:00, 2001-05-01 00:00:00+00:00"
270910.0_170980.0,330/183 | 270910.0_170980.0,270910.0,170980.0,235,1999-12-01 00:00:00+00:00,2025-01-10 00:00:00+00:00,18.387957,monthly,288,"2001-01-01 00:00:00+00:00, 2001-02-01 00:00:00+00:00, 2001-03-01 00:00:00+00:00, 2001-04-01 00:00:00+00:00, 2001-05-01 00:00:00+00:00"
271040.0_166700.0,329/6 | 271040.0_166700.0,271040.0,166700.0,18,1999-12-01 00:00:00+00:00,2002-07-25 00:00:00+00:00,11.767222,monthly,19,"2001-01-01 00:00:00+00:00, 2001-02-01 00:00:00+00:00, 2001-03-01 00:00:00+00:00, 2001-04-01 00:00:00+00:00, 2001-05-01 00:00:00+00:00"
279051.0_188592.0,331/2 | 279051.0_188592.0,279051.0,188592.0,85,2016-11-09 00:00:00+00:00,2024-12-18 00:00:00+00:00,21.403177,monthly,97,"2016-12-01 00:00:00+00:00, 2017-01-01 00:00:00+00:00, 2017-02-01 00:00:00+00:00, 2017-03-01 00:00:00+00:00, 2017-04-01 00:00:00+00:00"
