year,month,piezometric_level_m
1974,10,26.67
1977,9,20.203333
1977,10,20.07
1977,11,20.1525
1977,12,20.446667
1978,1,13.41
1978,2,19.929998
1978,3,12.18
1978,4,8.625555
1978,5,8.764445
1978,6,8.797778
1978,7,8.595555
1978,8,6.373333
1978,9,7.7111106
1978,10,6.939
1978,11,5.9900002
1978,12,8.073334
1979,1,7.471667
1979,2,14.303333
1979,3,14.597
1979,4,11.246
1979,5,11.524445
1979,6,10.137647
1979,7,8.762352
1979,8,9.85158
1979,9,9.615789
1979,10,9.372
1979,12,11.195455
1980,1,9.89
1980,2,8.991304
1980,3,9.4044
1980,4,9.7352
1980,5,10.961667
1980,6,5.934
1980,7,8.085384
1980,8,19.586666
1980,9,5.96
1980,10,27.36
1980,11,7.7791305
1980,12,4.704
1981,1,6.315625
1981,2,11.8825
1981,3,8.081364
1981,4,12.5425005
1981,5,8.16
1981,6,9.015
1981,7,6.644444
1981,9,6.1666665
1981,10,6.3763638
1981,11,9.085714
1981,12,6.1377273
1982,1,8.126249
1982,3,10.871579
1982,4,7.937619
1982,5,9.5885
1982,9,5.3881254
1982,10,6.5369997
1982,11,9.538
1982,12,7.7666664
1983,1,-1.0533334
1983,2,1.9620003
1983,3,-5.932857
1983,7,-3.3040001
1983,8,-14.37
1983,9,0.8033333
1983,10,-16.35
1983,11,5.830625
1983,12,9.4925
1984,1,15.05
1984,2,14.583889
1984,3,13.117334
1984,4,13.0886965
1984,5,16.028
1984,6,12.961176
1984,7,14.312632
1984,8,79.17
1984,9,31.485
1984,10,11.872941
1984,11,13.4564705
1984,12,9.699091
1985,1,20.218182
1985,2,16.11
1985,3,15.517333
1985,4,12.575
1985,5,13.587333
1985,7,8.565556
1985,8,6.153333
1985,9,14.6425
1985,10,11.902001
1985,11,12.651334
1985,12,32.164997
1986,1,9.927222
1986,2,9.839999
1986,3,12.8595
1986,4,10.0245
1986,5,9.399445
1986,6,12.015715
1986,7,10.06353
1986,8,31.910002
1986,9,9.759473
1986,10,9.294783
1986,11,9.064445
1986,12,10.89
1987,1,12.037368
1987,2,28.386667
1987,3,8.077692
1987,4,-11.92
1987,5,6.697391
1987,6,7.3809524
1987,7,16.712223
1987,8,3.6669998
1987,9,4.6405554
1987,10,12.0828
1987,11,9.168096
1987,12,9.545882
1988,1,13.379047
1988,2,6.6689997
1988,3,11.619259
1988,4,1.53
1988,5,11.038636
1988,6,14.326666
1988,7,15.209475
1988,8,10.2519045
1988,9,9.907895
1988,10,8.448696
1988,11,8.238334
1988,12,23.475
1989,1,10.00963
1989,2,11.90375
1989,3,12.334762
1989,4,9.993703
1989,5,11.824761
1989,6,10.835909
1989,7,12.807273
1989,8,8.130527
1989,9,10.785714
1989,10,8.3604
1989,11,9.977408
1989,12,8.446667
1990,1,13.8205
1990,2,14.198518
1990,3,10.226296
1990,4,12.3665
1990,5,9.305555
1990,6,13.262382
1990,7,10.410001
1990,8,9.894347
1990,9,10.058888
1990,10,9.20125
1990,11,12.548749
1990,12,12.742857
1991,1,10.076249
1991,2,11.143703
1991,3,12.994546
1991,4,10.647727
1991,5,11.273182
1991,6,10.381923
1991,7,9.1258335
1991,8,38.925
1991,9,16.472353
1991,10,14.056153
1991,11,-0.13
1991,12,14.911333
1992,1,16.769413
1992,2,17.134615
1992,3,16.434668
1992,4,15.828572
1992,5,17.416428
1992,6,14.568889
1992,7,13.457143
1992,8,38.285
1992,9,12.347334
1992,10,38.18
1992,11,37.9725
1992,12,11.39
1993,1,14.236471
1993,2,14.527333
1993,3,23.63625
1993,4,23.387142
1993,5,31.486666
1993,6,21.786
1993,7,19.006666
1993,8,13.348332
1993,9,17.836874
1993,10,17.934444
1993,11,15.373334
1993,12,31.756
1994,1,18.633333
1994,2,24.574999
1994,3,13.025
1994,4,23.844284
1994,5,26.242
1999,12,11.406667
2000,1,12.493031
2000,2,11.825143
2000,3,11.784572
2000,4,12.359706
2000,5,12.259428
2000,6,11.410605
2000,7,10.426562
2000,8,9.1328125
2000,9,8.817187
2000,10,10.454839
2000,11,10.580646
2000,12,12.802258
2001,1,14.370476
2001,2,14.393571
2001,3,13.5652
2001,4,16.319166
2001,5,14.366667
2001,6,14.891001
2001,7,11.296666
2001,8,13.264001
2001,9,14.176666
2001,10,-3.86
2001,11,-3.85
2001,12,-2.52
2002,1,-2.42
2002,3,-2.5
2002,4,12.999046
2002,5,12.755
2002,6,11.43625
2002,7,12.051819
2002,10,-3.67
2002,12,18.991001
2003,1,18.151817
2003,2,21.826666
2003,3,21.446129
2003,4,16.361183
2003,5,15.947071
2003,6,14.8724
2003,7,17.062963
2003,8,15.570357
2003,9,16.635555
2003,10,17.35107
2003,11,16.477777
2003,12,0.66
2004,1,19.014816
2004,2,22.726665
2004,3,20.455
2004,4,23.244284
2004,5,22.023333
2004,6,23.2725
2004,7,11.0515585
2004,8,10.668585
2004,9,11.713461
2004,10,11.375408
2004,11,12.493125
2004,12,12.846364
2005,1,12.66219
2005,2,11.745833
2005,3,16.550001
2005,4,14.729566
2005,5,13.1068
2005,6,12.123478
2005,7,10.106923
2005,8,9.978261
2005,9,10.659167
2005,10,13.3
2005,11,14.508332
2005,12,15.474286
2006,1,15.892571
2006,2,15.610968
2006,3,22.085817
2006,4,22.837143
2006,5,22.698906
2006,6,22.362656
2006,7,22.310635
2006,8,22.024286
2006,9,22.223799
2006,10,22.655832
2006,11,22.493149
2006,12,23.020924
2007,1,22.033285
2007,2,24.165817
2007,3,22.9184
2007,4,22.996984
2007,5,24.081766
2007,6,24.999655
2007,7,24.237543
2007,8,23.612772
2007,9,23.636667
2007,10,24.925371
2007,11,24.93819
2007,12,25.270166
2008,1,25.60425
2008,2,25.873161
2008,3,26.003635
2008,4,24.789053
2008,5,18.73579
2008,6,11.737059
2008,7,11.996666
2008,8,14.104828
2008,9,13.219523
2008,10,14.035334
2008,11,14.375999
2008,12,14.6005
2009,1,24.074894
2009,2,25.060455
2009,3,24.768518
2009,4,24.396908
2009,5,24.507679
2009,6,23.4025
2009,7,23.127369
2009,8,22.368853
2009,9,22.391333
2009,10,24.070625
2009,11,24.053404
2009,12,24.402708
2010,1,21.629025
2010,2,18.125349
2010,3,18.574814
2010,4,17.748148
2010,5,12.201892
2010,6,8.253559
2010,7,6.6832204
2010,8,6.664746
2010,9,6.483966
2010,10,6.9063935
2010,11,7.7836666
2010,12,8.460164
2011,1,8.9365
2011,2,8.962264
2011,3,7.1327996
2011,4,8.536296
2011,5,9.863709
2011,6,8.73069
2011,7,5.1509995
2011,8,7.1439657
2011,9,6.4920754
2011,10,6.796491
2011,11,8.1866665
2011,12,8.121964
2012,1,7.8149056
2012,2,8.936728
2012,3,8.514737
2012,4,8.1563635
2012,5,7.998
2012,6,6.5911903
2012,7,3.6159093
2012,8,2.8643181
2012,9,6.190727
2012,10,4.6313953
2012,11,7.426364
2012,12,7.9028573
2013,1,10.103692
2013,2,9.131132
2013,3,9.151428
2013,4,9.590727
2013,5,6.2066665
2013,6,8.677962
2013,7,7.779821
2013,8,4.6606383
2013,9,6.8534546
2013,10,8.603125
2013,11,5.2097826
2013,12,7.930182
2014,1,8.586182
2014,2,7.054773
2014,3,11.059839
2014,4,9.766909
2014,5,9.46678
2014,6,9.206724
2014,7,8.107119
2014,8,7.1581354
2014,9,1.4478787
2014,10,10.044328
2014,11,8.458597
2014,12,7.7513638
2015,1,9.294483
2015,2,10.13375
2015,3,9.1425
2015,4,9.691187
2015,5,9.0946665
2015,6,8.033729
2015,7,6.6513557
2015,8,6.068983
2015,9,5.988929
2015,10,6.913889
2015,11,6.2018604
2015,12,5.880244
2016,1,2.7770588
2016,2,17.451054
2016,3,21.65625
2016,4,16.901154
2016,5,16.815758
2016,6,15.750799
2016,7,9.55
2016,8,9.845625
2016,10,11.407333
2016,11,15.260358
2016,12,17.753666
2017,1,12.902352
2017,2,15.010455
2017,3,6.1376314
2017,4,5.2388887
2017,5,7.0273075
2017,6,6.673077
2017,7,5.771
2017,8,5.1453567
2017,9,4.9731817
2017,10,3.9777966
2017,11,5.301724
2017,12,6.6616125
2018,1,7.535231
2018,2,8.261129
2018,3,8.396032
2018,4,8.029649
2018,5,15.553803
2018,6,15.661477
2018,7,14.828924
2018,8,14.037234
2018,9,14.594936
2018,10,13.91742
2018,11,14.772168
2018,12,14.805122
2019,1,15.338936
2019,2,15.561519
2019,3,15.690948
2019,4,15.53914
2019,5,15.163157
2019,6,14.505682
2019,7,13.888937
2019,8,13.029865
2019,9,12.82034
2019,10,13.674054
2019,11,13.945224
2019,12,14.211666
2020,1,14.967128
2020,2,14.624691
2020,3,15.984868
2020,4,14.961047
2020,5,15.254881
2020,6,13.867833
2020,7,9.692858
2020,8,7.2027774
2020,9,9.794167
2020,10,11.495416
2020,11,9.627368
2020,12,2.6766665
2021,1,11.290588
2021,2,13.2648
2021,3,12.926296
2021,4,14.8303995
2021,5,11.763549
2021,6,6.841207
2021,7,5.963571
2021,8,4.539245
2021,9,5.3650875
2021,10,3.169796
2021,11,0.4789189
2021,12,4.2008
2022,1,4.9089584
2022,2,5.255111
2022,3,5.211875
2022,4,5.3241305
2022,5,4.814468
2022,6,4.383261
2022,7,3.7206383
2022,8,2.4930434
2022,9,10.942105
2022,10,14.578718
2022,11,15.58
2022,12,15.796213
2023,1,14.963845
2023,2,15.8785
2023,3,14.963143
2023,4,15.595
2023,5,14.231667
2023,6,12.459
2023,7,9.3825
2023,8,11.412173
2023,9,11.3023815
2023,10,11.565714
2023,11,14.029722
2023,12,12.922
2024,1,13.86
2024,2,15.699584
2024,3,14.501579
2024,4,15.542
2024,5,14.750952
2024,6,13.561819
2024,7,12.5961895
2024,8,10.022
2024,9,11.821905
2024,10,16.193333
2024,11,16.424118
2024,12,18.02375
2025,1,17.657894
