id,ano,municipio,volume_rega_m3,volume_rega_hm3,lat,long,created_at
1,1989,Abrantes,505090.9763,0.505090976,39.468,-8.264,2025-08-06 16:49:27.996219+00
2,1989,Alcochete,8715177.412,8.715177412,38.722,-8.895,2025-08-06 16:49:27.996219+00
3,1989,Alenquer,266769.3352,0.266769335,39.014,-8.94,2025-08-06 16:49:27.996219+00
4,1989,Almeirim,32904345.24,32.90434524,39.166,-8.599,2025-08-06 16:49:27.996219+00
5,1989,Alpiarça,32090560.61,32.09056061,39.241,-8.571,2025-08-06 16:49:27.996219+00
6,1989,Azambuja,6040564.408,6.040564408,39.05,-8.854,2025-08-06 16:49:27.996219+00
7,1989,Benavente,118142009.7,118.1420097,38.868,-8.809,2025-08-06 16:49:27.996219+00
8,1989,Cartaxo,10302628.09,10.30262809,39.127,-8.745,2025-08-06 16:49:27.996219+00
9,1989,Chamusca,4819529.937,4.819529937,39.362,-8.483,2025-08-06 16:49:27.996219+00
10,1989,Constância,409720.362,0.409720362,39.465,-8.303,2025-08-06 16:49:27.996219+00
11,1989,Coruche,2172357.338,2.172357338,38.978,-8.624,2025-08-06 16:49:27.996219+00
12,1989,Golegã,43909031.66,43.90903166,39.382,-8.508,2025-08-06 16:49:27.996219+00
13,1989,Moita,11670213.91,11.67021391,38.647,-8.997,2025-08-06 16:49:27.996219+00
14,1989,Montijo,48140900.73,48.14090073,38.737,-8.64,2025-08-06 16:49:27.996219+00
15,1989,Palmela,81560059.25,81.56005925,38.619,-8.807,2025-08-06 16:49:27.996219+00
16,1989,Salvaterra de Magos,29671356.27,29.67135627,39.043,-8.713,2025-08-06 16:49:27.996219+00
17,1989,Santarém,9705842.027,9.705842027,39.275,-8.635,2025-08-06 16:49:27.996219+00
18,1989,Torres Novas,1068133.417,1.068133417,39.421,-8.509,2025-08-06 16:49:27.996219+00
19,1989,Vila Franca de Xira,23762975.12,23.76297512,38.943,-8.931,2025-08-06 16:49:27.996219+00
20,1989,Vila Nova da Barquinha,107678.4792,0.107678479,39.461,-8.395,2025-08-06 16:49:27.996219+00
21,1999,Abrantes,418788.6855,0.418788686,39.468,-8.264,2025-08-06 16:49:27.996219+00
22,1999,Alcochete,7671542.797,7.671542797,38.722,-8.895,2025-08-06 16:49:27.996219+00
23,1999,Alenquer,249692.4965,0.249692496,39.014,-8.94,2025-08-06 16:49:27.996219+00
24,1999,Almeirim,25861597.0,25.861597,39.166,-8.599,2025-08-06 16:49:27.996219+00
25,1999,Alpiarça,33808227.89,33.80822789,39.241,-8.571,2025-08-06 16:49:27.996219+00
26,1999,Azambuja,7166105.002,7.166105002,39.05,-8.854,2025-08-06 16:49:27.996219+00
27,1999,Benavente,105364207.6,105.3642076,38.868,-8.809,2025-08-06 16:49:27.996219+00
28,1999,Cartaxo,10895000.34,10.89500034,39.127,-8.745,2025-08-06 16:49:27.996219+00
29,1999,Chamusca,3350521.23,3.35052123,39.362,-8.483,2025-08-06 16:49:27.996219+00
30,1999,Constância,185832.8445,0.185832845,39.465,-8.303,2025-08-06 16:49:27.996219+00
31,1999,Coruche,1636838.921,1.636838921,38.978,-8.624,2025-08-06 16:49:27.996219+00
32,1999,Golegã,40146783.18,40.14678318,39.382,-8.508,2025-08-06 16:49:27.996219+00
33,1999,Moita,5377051.722,5.377051722,38.647,-8.997,2025-08-06 16:49:27.996219+00
34,1999,Montijo,41376164.4,41.3761644,38.737,-8.64,2025-08-06 16:49:27.996219+00
35,1999,Palmela,51939869.66,51.93986966,38.619,-8.807,2025-08-06 16:49:27.996219+00
36,1999,Salvaterra de Magos,36600804.13,36.60080413,39.043,-8.713,2025-08-06 16:49:27.996219+00
37,1999,Santarém,7558914.764,7.558914764,39.275,-8.635,2025-08-06 16:49:27.996219+00
38,1999,Torres Novas,679476.8144,0.679476814,39.421,-8.509,2025-08-06 16:49:27.996219+00
39,1999,Vila Franca de Xira,16287646.0,16.287646,38.943,-8.931,2025-08-06 16:49:27.996219+00
40,1999,Vila Nova da Barquinha,66253.13077,0.066253131,39.461,-8.395,2025-08-06 16:49:27.996219+00
41,2009,Abrantes,247552.1,0.247552112,39.468,-8.264,2025-08-06 16:49:27.996219+00
42,2009,Alcochete,5729536.8,5.729536758,38.722,-8.895,2025-08-06 16:49:27.996219+00
43,2009,Alenquer,308222.9,0.308222946,39.014,-8.94,2025-08-06 16:49:27.996219+00
44,2009,Almeirim,39982445.4,39.98244544,39.166,-8.599,2025-08-06 16:49:27.996219+00
45,2009,Alpiarça,24740787.2,24.74078725,39.241,-8.571,2025-08-06 16:49:27.996219+00
46,2009,Azambuja,6917902.3,6.917902333,39.05,-8.854,2025-08-06 16:49:27.996219+00
47,2009,Benavente,87773553.9,87.77355392,38.868,-8.809,2025-08-06 16:49:27.996219+00
48,2009,Cartaxo,11079532.3,11.07953229,39.127,-8.745,2025-08-06 16:49:27.996219+00
49,2009,Chamusca,4301098.4,4.301098383,39.362,-8.483,2025-08-06 16:49:27.996219+00
50,2009,Constância,295889.8,0.295889772,39.465,-8.303,2025-08-06 16:49:27.996219+00
51,2009,Coruche,2061097.8,2.061097753,38.978,-8.624,2025-08-06 16:49:27.996219+00
52,2009,Golegã,38107715.4,38.1077154,39.382,-8.508,2025-08-06 16:49:27.996219+00
53,2009,Moita,1878781.1,1.878781087,38.647,-8.997,2025-08-06 16:49:27.996219+00
54,2009,Montijo,33221857.4,33.22185742,38.737,-8.64,2025-08-06 16:49:27.996219+00
55,2009,Palmela,72359813.3,72.35981326,38.619,-8.807,2025-08-06 16:49:27.996219+00
56,2009,Salvaterra de Magos,24329970.2,24.32997021,39.043,-8.713,2025-08-06 16:49:27.996219+00
57,2009,Santarém,5375507.9,5.375507911,39.275,-8.635,2025-08-06 16:49:27.996219+00
58,2009,Torres Novas,570747.0,0.57074696,39.421,-8.509,2025-08-06 16:49:27.996219+00
59,2009,Vila Franca de Xira,29301898.6,29.30189861,38.943,-8.931,2025-08-06 16:49:27.996219+00
60,2009,Vila Nova da Barquinha,79403.4,0.079403436,39.461,-8.395,2025-08-06 16:49:27.996219+00
61,2019,Abrantes,308151.3353,0.308151335,39.468,-8.264,2025-08-06 16:49:27.996219+00
62,2019,Alcochete,17331102.19,17.33110219,38.722,-8.895,2025-08-06 16:49:27.996219+00
63,2019,Alenquer,371610.1806,0.371610181,39.014,-8.94,2025-08-06 16:49:27.996219+00
64,2019,Almeirim,50948698.19,50.94869819,39.166,-8.599,2025-08-06 16:49:27.996219+00
65,2019,Alpiarça,26679389.53,26.67938953,39.241,-8.571,2025-08-06 16:49:27.996219+00
66,2019,Azambuja,10657879.21,10.65787921,39.05,-8.854,2025-08-06 16:49:27.996219+00
67,2019,Benavente,89803228.99,89.80322899,38.868,-8.809,2025-08-06 16:49:27.996219+00
68,2019,Cartaxo,15490031.14,15.49003114,39.127,-8.745,2025-08-06 16:49:27.996219+00
69,2019,Chamusca,5026807.023,5.026807023,39.362,-8.483,2025-08-06 16:49:27.996219+00
70,2019,Constância,522304.2502,0.52230425,39.465,-8.303,2025-08-06 16:49:27.996219+00
71,2019,Coruche,2531647.668,2.531647668,38.978,-8.624,2025-08-06 16:49:27.996219+00
72,2019,Golegã,47281499.18,47.28149918,39.382,-8.508,2025-08-06 16:49:27.996219+00
73,2019,Moita,6899888.79,6.89988879,38.647,-8.997,2025-08-06 16:49:27.996219+00
74,2019,Montijo,34480206.37,34.48020637,38.737,-8.64,2025-08-06 16:49:27.996219+00
75,2019,Palmela,59312748.5,59.3127485,38.619,-8.807,2025-08-06 16:49:27.996219+00
76,2019,Salvaterra de Magos,32105078.84,32.10507884,39.043,-8.713,2025-08-06 16:49:27.996219+00
77,2019,Santarém,7726431.01,7.72643101,39.275,-8.635,2025-08-06 16:49:27.996219+00
78,2019,Torres Novas,781450.8666,0.781450867,39.421,-8.509,2025-08-06 16:49:27.996219+00
79,2019,Vila Franca de Xira,34992369.5,34.9923695,38.943,-8.931,2025-08-06 16:49:27.996219+00
80,2019,Vila Nova da Barquinha,38254.2165,0.038254216,39.461,-8.395,2025-08-06 16:49:27.996219+00
81,2022,Abrantes,2340583.705,2.340583705,39.468,-8.264,2025-08-06 16:49:27.996219+00
82,2022,Alcochete,21590419.0,21.59041899,38.722,-8.895,2025-08-06 16:49:27.996219+00
83,2022,Alenquer,1090068.0,1.090068499,39.014,-8.94,2025-08-06 16:49:27.996219+00
84,2022,Almeirim,34656170.0,34.65616987,39.166,-8.599,2025-08-06 16:49:27.996219+00
85,2022,Alpiarça,22697752.0,22.69775237,39.241,-8.571,2025-08-06 16:49:27.996219+00
86,2022,Azambuja,32288113.0,32.28811313,39.05,-8.854,2025-08-06 16:49:27.996219+00
87,2022,Benavente,93509319.0,93.50931904,38.868,-8.809,2025-08-06 16:49:27.996219+00
88,2022,Cartaxo,30126700.0,30.12670035,39.127,-8.745,2025-08-06 16:49:27.996219+00
89,2022,Chamusca,24971474.0,24.9714739,39.362,-8.483,2025-08-06 16:49:27.996219+00
90,2022,Constância,3820992.0,3.820991776,39.465,-8.303,2025-08-06 16:49:27.996219+00
91,2022,Coruche,985430.0,0.985429572,38.978,-8.624,2025-08-06 16:49:27.996219+00
92,2022,Golegã,42649106.0,42.64910634,39.382,-8.508,2025-08-06 16:49:27.996219+00
93,2022,Moita,2018171.0,2.01817131,38.647,-8.997,2025-08-06 16:49:27.996219+00
94,2022,Montijo,48723260.0,48.72325954,38.737,-8.64,2025-08-06 16:49:27.996219+00
95,2022,Palmela,57037084.0,57.03708442,38.619,-8.807,2025-08-06 16:49:27.996219+00
96,2022,Salvaterra de Magos,39380929.0,39.38092911,39.043,-8.713,2025-08-06 16:49:27.996219+00
97,2022,Santarém,16504339.0,16.50433922,39.275,-8.635,2025-08-06 16:49:27.996219+00
98,2022,Torres Novas,2602949.0,2.602949071,39.421,-8.509,2025-08-06 16:49:27.996219+00
99,2022,Vila Franca de Xira,82855212.0,82.8552119,38.943,-8.931,2025-08-06 16:49:27.996219+00
100,2022,Vila Nova da Barquinha,360024.0,0.36002429,39.461,-8.395,2025-08-06 16:49:27.996219+00