"data","codigo","nitrato","coord_x_m","coord_y_m","altitude_m","sistema_aquifero","estado","freguesia"
2004-03-30 00:00:00.000,"330/187","5.27",176820,275630,,T7 - ALUVIÕES DO TEJO,,CARREGUEIRA
2021-10-06 10:40:00.000,"342/113","71.0",171250,268700,,T7 - ALUVIÕES DO TEJO,,
2011-03-21 10:00:00.000,"330/187","4.0",176820,275630,,T7 - ALUVIÕES DO TEJO,,CARREGUEIRA
2022-04-04 10:25:00.000,"342/113","55.0",171250,268700,,T7 - ALUVIÕES DO TEJO,,
2022-10-10 10:20:00.000,"342/113","46.0",171250,268700,,T7 - ALUVIÕES DO TEJO,,
2023-04-10 00:00:00.000,"342/113","37.0",171250,268700,,T7 - ALUVIÕES DO TEJO,,
2004-09-27 00:00:00.000,"330/187","6.601",176820,275630,,T7 - ALUVIÕES DO TEJO,,CARREGUEIRA
2023-09-25 10:20:00.000,"342/113","130.0",171250,268700,,T7 - ALUVIÕES DO TEJO,,
2016-04-05 10:50:00.000,"330/233","99.0",170250,273470,,T7 - ALUVIÕES DO TEJO,,
2005-03-28 00:00:00.000,"330/187","5.71",176820,275630,,T7 - ALUVIÕES DO TEJO,,CARREGUEIRA
2006-03-06 00:00:00.000,"330/187","7.04",176820,275630,,T7 - ALUVIÕES DO TEJO,,CARREGUEIRA
2002-10-28 00:00:00.000,"342/114","100.87",168360,268980,,T7 - ALUVIÕES DO TEJO,,
2003-05-26 00:00:00.000,"342/114","111.59",168360,268980,,T7 - ALUVIÕES DO TEJO,,
2006-10-02 00:00:00.000,"330/187","6.6",176820,275630,,T7 - ALUVIÕES DO TEJO,,CARREGUEIRA
2016-10-17 09:25:00.000,"330/233","110.0",170250,273470,,T7 - ALUVIÕES DO TEJO,,
2005-04-12 00:00:00.000,"342/114","110.0",168360,268980,,T7 - ALUVIÕES DO TEJO,,
2007-03-13 00:00:00.000,"330/187","2.26",176820,275630,,T7 - ALUVIÕES DO TEJO,,CARREGUEIRA
2017-03-13 00:09:00.000,"330/233","93.0",170250,273470,,T7 - ALUVIÕES DO TEJO,,
2006-05-09 00:00:00.000,"342/114","110.0",168360,268980,,T7 - ALUVIÕES DO TEJO,,
2006-09-12 00:00:00.000,"342/114","130.0",168360,268980,,T7 - ALUVIÕES DO TEJO,,
2008-03-31 00:00:00.000,"330/187","0.98",176820,275630,,T7 - ALUVIÕES DO TEJO,,CARREGUEIRA
2008-09-30 00:00:00.000,"342/114","110.0",168360,268980,,T7 - ALUVIÕES DO TEJO,,
2009-05-20 00:00:00.000,"342/114","130.0",168360,268980,,T7 - ALUVIÕES DO TEJO,,
2008-10-13 00:00:00.000,"330/187","5.27",176820,275630,,T7 - ALUVIÕES DO TEJO,,CARREGUEIRA
2017-10-09 09:00:00.000,"330/233","84.0",170250,273470,,T7 - ALUVIÕES DO TEJO,,
2009-05-27 00:00:00.000,"330/187","2.259",176820,275630,,T7 - ALUVIÕES DO TEJO,,CARREGUEIRA
2009-10-28 00:00:00.000,"342/114","87.0",168360,268980,,T7 - ALUVIÕES DO TEJO,,
2009-10-27 00:00:00.000,"330/187","3.3",176820,275630,,T7 - ALUVIÕES DO TEJO,,CARREGUEIRA
2010-06-25 12:45:00.000,"330/187","6.0",176820,275630,,T7 - ALUVIÕES DO TEJO,,CARREGUEIRA
2007-03-22 00:00:00.000,"329/341","46.0",167873,270663,"16",T7 - ALUVIÕES DO TEJO,,GOLEGÃ
2007-09-27 00:00:00.000,"329/341","39.83",167873,270663,"16",T7 - ALUVIÕES DO TEJO,,GOLEGÃ
2008-03-11 00:00:00.000,"329/341","12.0",167873,270663,"16",T7 - ALUVIÕES DO TEJO,,GOLEGÃ
2010-06-24 13:15:00.000,"329/341","35.0",167873,270663,"16",T7 - ALUVIÕES DO TEJO,,GOLEGÃ
2012-11-29 12:10:00.000,"329/341","7.8",167873,270663,"16",T7 - ALUVIÕES DO TEJO,,GOLEGÃ
2013-03-21 12:00:00.000,"329/341","15.0",167873,270663,"16",T7 - ALUVIÕES DO TEJO,,GOLEGÃ
2014-04-08 11:55:00.000,"329/341","12.0",167873,270663,"16",T7 - ALUVIÕES DO TEJO,,GOLEGÃ
2014-10-16 11:40:00.000,"329/341","8.3",167873,270663,"16",T7 - ALUVIÕES DO TEJO,,GOLEGÃ
2015-04-06 12:30:00.000,"329/341","53.0",167873,270663,"16",T7 - ALUVIÕES DO TEJO,,GOLEGÃ
2015-10-26 10:10:00.000,"329/341","63.0",167873,270663,"16",T7 - ALUVIÕES DO TEJO,,GOLEGÃ
2016-04-05 08:50:00.000,"329/341","53.0",167873,270663,"16",T7 - ALUVIÕES DO TEJO,,GOLEGÃ
2016-10-17 09:45:00.000,"329/341","41.0",167873,270663,"16",T7 - ALUVIÕES DO TEJO,,GOLEGÃ
2017-03-13 09:20:00.000,"329/341","48.0",167873,270663,"16",T7 - ALUVIÕES DO TEJO,,GOLEGÃ
2017-10-09 09:25:00.000,"329/341","73.0",167873,270663,"16",T7 - ALUVIÕES DO TEJO,,GOLEGÃ
2018-04-26 09:30:00.000,"329/341","47.0",167873,270663,"16",T7 - ALUVIÕES DO TEJO,,GOLEGÃ
2018-10-02 09:35:00.000,"329/341","66.0",167873,270663,"16",T7 - ALUVIÕES DO TEJO,,GOLEGÃ
2019-03-27 09:55:00.000,"329/341","51.0",167873,270663,"16",T7 - ALUVIÕES DO TEJO,,GOLEGÃ
2020-04-27 09:30:00.000,"329/341","53.0",167873,270663,"16",T7 - ALUVIÕES DO TEJO,,GOLEGÃ
2020-10-06 10:00:00.000,"329/341","40.0",167873,270663,"16",T7 - ALUVIÕES DO TEJO,,GOLEGÃ
2021-03-31 09:20:00.000,"329/341","56.0",167873,270663,"16",T7 - ALUVIÕES DO TEJO,,GOLEGÃ
2021-10-06 09:50:00.000,"329/341","80.0",167873,270663,"16",T7 - ALUVIÕES DO TEJO,,GOLEGÃ
2022-04-04 09:40:00.000,"329/341","56.0",167873,270663,"16",T7 - ALUVIÕES DO TEJO,,GOLEGÃ
2022-10-10 09:45:00.000,"329/341","60.0",167873,270663,"16",T7 - ALUVIÕES DO TEJO,,GOLEGÃ
2023-04-10 00:00:00.000,"329/341","50.0",167873,270663,"16",T7 - ALUVIÕES DO TEJO,,GOLEGÃ
2023-09-25 09:35:00.000,"329/341","72.0",167873,270663,"16",T7 - ALUVIÕES DO TEJO,,GOLEGÃ
2003-05-26 00:00:00.000,"329/6","7.22",166700,271040,"15",T7 - ALUVIÕES DO TEJO,,GOLEGÃ
2003-10-13 00:00:00.000,"329/6","6.16",166700,271040,"15",T7 - ALUVIÕES DO TEJO,,GOLEGÃ
2004-03-15 00:00:00.000,"329/6","6.16",166700,271040,"15",T7 - ALUVIÕES DO TEJO,,GOLEGÃ
2005-04-12 00:00:00.000,"329/6","14.13",166700,271040,"15",T7 - ALUVIÕES DO TEJO,,GOLEGÃ
2005-09-13 00:00:00.000,"329/6","8.82",166700,271040,"15",T7 - ALUVIÕES DO TEJO,,GOLEGÃ
2000-04-17 00:00:00.000,"330/186","42.13",174290,270680,,T7 - ALUVIÕES DO TEJO,,PINHEIRO GRANDE
2000-09-25 00:00:00.000,"330/186","52.81",174290,270680,,T7 - ALUVIÕES DO TEJO,,PINHEIRO GRANDE
2001-02-19 00:00:00.000,"330/186","21.4",174290,270680,,T7 - ALUVIÕES DO TEJO,,PINHEIRO GRANDE
2001-10-11 00:00:00.000,"330/186","26.8",174290,270680,,T7 - ALUVIÕES DO TEJO,,PINHEIRO GRANDE
2002-02-25 00:00:00.000,"330/186","21.49",174290,270680,,T7 - ALUVIÕES DO TEJO,,PINHEIRO GRANDE
2002-10-02 00:00:00.000,"330/186","35.62",174290,270680,,T7 - ALUVIÕES DO TEJO,,PINHEIRO GRANDE
2003-02-26 00:00:00.000,"330/186","42.97",174290,270680,,T7 - ALUVIÕES DO TEJO,,PINHEIRO GRANDE
2003-10-13 00:00:00.000,"330/186","37.0",174290,270680,,T7 - ALUVIÕES DO TEJO,,PINHEIRO GRANDE
2004-03-10 00:00:00.000,"330/186","37.0",174290,270680,,T7 - ALUVIÕES DO TEJO,,PINHEIRO GRANDE
2004-09-27 00:00:00.000,"330/186","43.37",174290,270680,,T7 - ALUVIÕES DO TEJO,,PINHEIRO GRANDE
2005-03-28 00:00:00.000,"330/186","34.07",174290,270680,,T7 - ALUVIÕES DO TEJO,,PINHEIRO GRANDE
2006-03-06 00:00:00.000,"330/186","14.0",174290,270680,,T7 - ALUVIÕES DO TEJO,,PINHEIRO GRANDE
2006-10-02 00:00:00.000,"330/186","41.6",174290,270680,,T7 - ALUVIÕES DO TEJO,,PINHEIRO GRANDE
2007-03-13 00:00:00.000,"330/186","15.9",174290,270680,,T7 - ALUVIÕES DO TEJO,,PINHEIRO GRANDE
2008-03-31 00:00:00.000,"330/186","19.45",174290,270680,,T7 - ALUVIÕES DO TEJO,,PINHEIRO GRANDE
2000-04-17 00:00:00.000,"330/187","4.03",176820,275630,,T7 - ALUVIÕES DO TEJO,,CARREGUEIRA
2000-09-25 00:00:00.000,"330/187","3.28",176820,275630,,T7 - ALUVIÕES DO TEJO,,CARREGUEIRA
2001-02-19 00:00:00.000,"330/187","10.59",176820,275630,,T7 - ALUVIÕES DO TEJO,,CARREGUEIRA
2001-10-11 00:00:00.000,"330/187","2.75",176820,275630,,T7 - ALUVIÕES DO TEJO,,CARREGUEIRA
2002-02-25 00:00:00.000,"330/187","3.15",176820,275630,,T7 - ALUVIÕES DO TEJO,,CARREGUEIRA
2002-10-02 00:00:00.000,"330/187","5.49",176820,275630,,T7 - ALUVIÕES DO TEJO,,CARREGUEIRA
2003-02-26 00:00:00.000,"330/187","2.22",176820,275630,,T7 - ALUVIÕES DO TEJO,,CARREGUEIRA
2003-09-29 00:00:00.000,"330/187","5.71",176820,275630,,T7 - ALUVIÕES DO TEJO,,CARREGUEIRA
2012-12-18 11:25:00.000,"330/187",(<)0.890,176820,275630,,T7 - ALUVIÕES DO TEJO,,CARREGUEIRA
2013-11-20 14:30:00.000,"330/187","5.0",176820,275630,,T7 - ALUVIÕES DO TEJO,,CARREGUEIRA
2014-09-29 11:00:00.000,"330/187","9.1",176820,275630,,T7 - ALUVIÕES DO TEJO,,CARREGUEIRA
2002-10-23 00:00:00.000,"330/230","87.47",174000,271850,,T7 - ALUVIÕES DO TEJO,,
2003-04-14 00:00:00.000,"330/230","17.19",174000,271850,,T7 - ALUVIÕES DO TEJO,,
2003-10-13 00:00:00.000,"330/230","18.0",174000,271850,,T7 - ALUVIÕES DO TEJO,,
2004-03-10 00:00:00.000,"330/230","16.79",174000,271850,,T7 - ALUVIÕES DO TEJO,,
2005-04-11 00:00:00.000,"330/230","16.35",174000,271850,,T7 - ALUVIÕES DO TEJO,,
2005-09-12 00:00:00.000,"330/230","14.57",174000,271850,,T7 - ALUVIÕES DO TEJO,,
2006-03-13 00:00:00.000,"330/230","18.56",174000,271850,,T7 - ALUVIÕES DO TEJO,,
2006-09-11 00:00:00.000,"330/230","13.69",174000,271850,,T7 - ALUVIÕES DO TEJO,,
2007-03-26 00:00:00.000,"330/230","15.0",174000,271850,,T7 - ALUVIÕES DO TEJO,,
2007-09-19 00:00:00.000,"330/230","15.9",174000,271850,,T7 - ALUVIÕES DO TEJO,,
2008-03-06 00:00:00.000,"330/230","22.99",174000,271850,,T7 - ALUVIÕES DO TEJO,,
2008-10-06 00:00:00.000,"330/230","11.47",174000,271850,,T7 - ALUVIÕES DO TEJO,,
2009-05-28 00:00:00.000,"330/230","20.378",174000,271850,,T7 - ALUVIÕES DO TEJO,,
2009-10-29 00:00:00.000,"330/230","31.01",174000,271850,,T7 - ALUVIÕES DO TEJO,,
2010-06-25 14:30:00.000,"330/230","18.0",174000,271850,,T7 - ALUVIÕES DO TEJO,,
2002-11-06 00:00:00.000,"330/231","24.41",175050,275180,,T7 - ALUVIÕES DO TEJO,,
2003-04-14 00:00:00.000,"330/231","39.71",175050,275180,,T7 - ALUVIÕES DO TEJO,,
2003-10-13 00:00:00.000,"330/231","30.52",175050,275180,,T7 - ALUVIÕES DO TEJO,,
2004-10-19 00:00:00.000,"330/231","37.168",175050,275180,,T7 - ALUVIÕES DO TEJO,,
2005-04-11 00:00:00.000,"330/231","41.6",175050,275180,,T7 - ALUVIÕES DO TEJO,,
2005-09-12 00:00:00.000,"330/231","30.97",175050,275180,,T7 - ALUVIÕES DO TEJO,,
2006-05-15 00:00:00.000,"330/231","41.6",175050,275180,,T7 - ALUVIÕES DO TEJO,,
2006-09-13 00:00:00.000,"330/231","37.61",175050,275180,,T7 - ALUVIÕES DO TEJO,,
2008-03-06 00:00:00.000,"330/231","70.84",175050,275180,,T7 - ALUVIÕES DO TEJO,,
2008-09-25 00:00:00.000,"330/231","35.84",175050,275180,,T7 - ALUVIÕES DO TEJO,,
2011-03-21 13:00:00.000,"330/231","9.0",175050,275180,,T7 - ALUVIÕES DO TEJO,,
2013-11-20 11:00:00.000,"330/231","43.0",175050,275180,,T7 - ALUVIÕES DO TEJO,,
2014-04-07 09:30:00.000,"330/231","28.0",175050,275180,,T7 - ALUVIÕES DO TEJO,,
2014-10-20 09:10:00.000,"330/231","37.0",175050,275180,,T7 - ALUVIÕES DO TEJO,,
2015-02-23 12:00:00.000,"330/231","40.0",175050,275180,,T7 - ALUVIÕES DO TEJO,,
2016-02-22 10:30:00.000,"330/231","30.0",175050,275180,,T7 - ALUVIÕES DO TEJO,,
2017-04-20 11:20:00.000,"330/231","24.0",175050,275180,,T7 - ALUVIÕES DO TEJO,,
2017-10-24 10:00:00.000,"330/231","24.0",175050,275180,,T7 - ALUVIÕES DO TEJO,,
2018-03-28 09:35:00.000,"330/231","20.0",175050,275180,,T7 - ALUVIÕES DO TEJO,,
2018-10-11 10:00:00.000,"330/231","34.0",175050,275180,,T7 - ALUVIÕES DO TEJO,,
2019-03-12 10:25:00.000,"330/231","31.0",175050,275180,,T7 - ALUVIÕES DO TEJO,,
2019-10-30 10:00:00.000,"330/231","22.0",175050,275180,,T7 - ALUVIÕES DO TEJO,,
2020-03-04 10:15:00.000,"330/231","23.0",175050,275180,,T7 - ALUVIÕES DO TEJO,,
2020-10-21 10:30:00.000,"330/231","26.0",175050,275180,,T7 - ALUVIÕES DO TEJO,,
2021-03-02 10:15:00.000,"330/231","31.0",175050,275180,,T7 - ALUVIÕES DO TEJO,,
2021-10-07 10:15:00.000,"330/231","25.0",175050,275180,,T7 - ALUVIÕES DO TEJO,,
2022-03-28 10:10:00.000,"330/231","32.0",175050,275180,,T7 - ALUVIÕES DO TEJO,,
2022-10-24 10:30:00.000,"330/231","23.0",175050,275180,,T7 - ALUVIÕES DO TEJO,,
2023-04-26 09:50:00.000,"330/231","30.0",175050,275180,,T7 - ALUVIÕES DO TEJO,,
2023-09-20 11:40:00.000,"330/231","26.0",175050,275180,,T7 - ALUVIÕES DO TEJO,,
2002-10-28 00:00:00.000,"330/233","103.22",170250,273470,,T7 - ALUVIÕES DO TEJO,,
2003-04-14 00:00:00.000,"330/233","67.34",170250,273470,,T7 - ALUVIÕES DO TEJO,,
2003-10-13 00:00:00.000,"330/233","153.0",170250,273470,,T7 - ALUVIÕES DO TEJO,,
2004-03-15 00:00:00.000,"330/233","124.0",170250,273470,,T7 - ALUVIÕES DO TEJO,,
2004-10-21 00:00:00.000,"330/233","43.0",170250,273470,,T7 - ALUVIÕES DO TEJO,,
2005-04-12 00:00:00.000,"330/233","124.0",170250,273470,,T7 - ALUVIÕES DO TEJO,,
2005-09-13 00:00:00.000,"330/233","61.98",170250,273470,,T7 - ALUVIÕES DO TEJO,,
2006-03-14 00:00:00.000,"330/233","110.0",170250,273470,,T7 - ALUVIÕES DO TEJO,,
2006-09-12 00:00:00.000,"330/233","115.14",170250,273470,,T7 - ALUVIÕES DO TEJO,,
2007-03-22 00:00:00.000,"330/233","106.28",170250,273470,,T7 - ALUVIÕES DO TEJO,,
2007-09-27 00:00:00.000,"330/233","88.56",170250,273470,,T7 - ALUVIÕES DO TEJO,,
2008-03-11 00:00:00.000,"330/233","119.57",170250,273470,,T7 - ALUVIÕES DO TEJO,,
2008-09-30 00:00:00.000,"330/233","73.0",170250,273470,,T7 - ALUVIÕES DO TEJO,,
2009-05-20 00:00:00.000,"330/233","101.89",170250,273470,,T7 - ALUVIÕES DO TEJO,,
2009-10-28 00:00:00.000,"330/233","98.0",170250,273470,,T7 - ALUVIÕES DO TEJO,,
2010-06-24 15:25:00.000,"330/233","110.0",170250,273470,,T7 - ALUVIÕES DO TEJO,,
2011-03-23 14:00:00.000,"330/233","97.0",170250,273470,,T7 - ALUVIÕES DO TEJO,,
2012-11-29 11:30:00.000,"330/233","110.0",170250,273470,,T7 - ALUVIÕES DO TEJO,,
2013-03-21 11:15:00.000,"330/233","56.0",170250,273470,,T7 - ALUVIÕES DO TEJO,,
2013-11-29 09:27:00.000,"330/233","110.0",170250,273470,,T7 - ALUVIÕES DO TEJO,,
2014-04-08 11:20:00.000,"330/233","98.0",170250,273470,,T7 - ALUVIÕES DO TEJO,,
2014-10-16 11:15:00.000,"330/233","67.0",170250,273470,,T7 - ALUVIÕES DO TEJO,,
2015-04-06 12:10:00.000,"330/233","79.0",170250,273470,,T7 - ALUVIÕES DO TEJO,,
2015-10-26 09:45:00.000,"330/233","96.0",170250,273470,,T7 - ALUVIÕES DO TEJO,,
2018-04-26 09:00:00.000,"330/233","97.0",170250,273470,,T7 - ALUVIÕES DO TEJO,,
2018-10-02 09:05:00.000,"330/233","87.0",170250,273470,,T7 - ALUVIÕES DO TEJO,,
2019-03-27 09:35:00.000,"330/233","100.0",170250,273470,,T7 - ALUVIÕES DO TEJO,,
2020-04-27 09:10:00.000,"330/233","100.0",170250,273470,,T7 - ALUVIÕES DO TEJO,,
2020-10-06 09:40:00.000,"330/233","61.0",170250,273470,,T7 - ALUVIÕES DO TEJO,,
2021-03-31 09:00:00.000,"330/233","120.0",170250,273470,,T7 - ALUVIÕES DO TEJO,,
2021-10-06 09:25:00.000,"330/233","91.0",170250,273470,,T7 - ALUVIÕES DO TEJO,,
2022-04-04 09:15:00.000,"330/233","93.0",170250,273470,,T7 - ALUVIÕES DO TEJO,,
2022-10-10 09:25:00.000,"330/233","100.0",170250,273470,,T7 - ALUVIÕES DO TEJO,,
2023-04-10 00:00:00.000,"330/233","110.0",170250,273470,,T7 - ALUVIÕES DO TEJO,,
2023-09-25 09:00:00.000,"330/233","120.0",170250,273470,,T7 - ALUVIÕES DO TEJO,,
2002-10-23 00:00:00.000,"330/234","125.9",169030,274050,,T7 - ALUVIÕES DO TEJO,,RIACHOS
2003-04-14 00:00:00.000,"330/234","4.56",169030,274050,,T7 - ALUVIÕES DO TEJO,,RIACHOS
2003-10-13 00:00:00.000,"330/234","4.3",169030,274050,,T7 - ALUVIÕES DO TEJO,,RIACHOS
2004-03-15 00:00:00.000,"330/234","3.9",169030,274050,,T7 - ALUVIÕES DO TEJO,,RIACHOS
2004-10-20 00:00:00.000,"330/234","4.829",169030,274050,,T7 - ALUVIÕES DO TEJO,,RIACHOS
2005-04-12 00:00:00.000,"330/234","6.16",169030,274050,,T7 - ALUVIÕES DO TEJO,,RIACHOS
2006-03-14 00:00:00.000,"330/234","8.82",169030,274050,,T7 - ALUVIÕES DO TEJO,,RIACHOS
2006-09-12 00:00:00.000,"330/234","8.3",169030,274050,,T7 - ALUVIÕES DO TEJO,,RIACHOS
2007-03-22 00:00:00.000,"330/234","7.49",169030,274050,,T7 - ALUVIÕES DO TEJO,,RIACHOS
2007-09-27 00:00:00.000,"330/234","10.59",169030,274050,,T7 - ALUVIÕES DO TEJO,,RIACHOS
2008-03-11 00:00:00.000,"330/234","10.59",169030,274050,,T7 - ALUVIÕES DO TEJO,,RIACHOS
2008-09-30 00:00:00.000,"330/234","7.04",169030,274050,,T7 - ALUVIÕES DO TEJO,,RIACHOS
2009-04-13 00:00:00.000,"330/234","71.0",169030,274050,,T7 - ALUVIÕES DO TEJO,,RIACHOS
2009-10-28 00:00:00.000,"330/234","9.303",169030,274050,,T7 - ALUVIÕES DO TEJO,,RIACHOS
2010-07-22 09:30:00.000,"330/234","41.0",169030,274050,,T7 - ALUVIÕES DO TEJO,,RIACHOS
2011-03-23 15:00:00.000,"330/234","22.0",169030,274050,,T7 - ALUVIÕES DO TEJO,,RIACHOS
2012-12-11 10:45:00.000,"330/234","5.3",169030,274050,,T7 - ALUVIÕES DO TEJO,,RIACHOS
2013-04-09 11:15:00.000,"330/234","27.0",169030,274050,,T7 - ALUVIÕES DO TEJO,,RIACHOS
2013-12-11 11:30:00.000,"330/234","13.0",169030,274050,,T7 - ALUVIÕES DO TEJO,,RIACHOS
2014-04-22 12:00:00.000,"330/234","13.0",169030,274050,,T7 - ALUVIÕES DO TEJO,,RIACHOS
2015-10-26 09:10:00.000,"330/234","13.0",169030,274050,,T7 - ALUVIÕES DO TEJO,,RIACHOS
2016-10-17 09:05:00.000,"330/234","9.7",169030,274050,,T7 - ALUVIÕES DO TEJO,,RIACHOS
2017-03-13 08:40:00.000,"330/234","2.0",169030,274050,,T7 - ALUVIÕES DO TEJO,,RIACHOS
2017-10-09 08:35:00.000,"330/234","11.0",169030,274050,,T7 - ALUVIÕES DO TEJO,,RIACHOS
2018-04-26 08:40:00.000,"330/234","7.7",169030,274050,,T7 - ALUVIÕES DO TEJO,,RIACHOS
2018-10-02 08:50:00.000,"330/234","24.0",169030,274050,,T7 - ALUVIÕES DO TEJO,,RIACHOS
2019-03-27 08:50:00.000,"330/234","9.7",169030,274050,,T7 - ALUVIÕES DO TEJO,,RIACHOS
2020-04-27 08:45:00.000,"330/234","7.8",169030,274050,,T7 - ALUVIÕES DO TEJO,,RIACHOS
2020-10-06 09:20:00.000,"330/234","7.5",169030,274050,,T7 - ALUVIÕES DO TEJO,,RIACHOS
2021-03-31 08:35:00.000,"330/234","14.0",169030,274050,,T7 - ALUVIÕES DO TEJO,,RIACHOS
2021-10-06 08:50:00.000,"330/234","12.0",169030,274050,,T7 - ALUVIÕES DO TEJO,,RIACHOS
2022-04-04 08:55:00.000,"330/234","6.5",169030,274050,,T7 - ALUVIÕES DO TEJO,,RIACHOS
2022-10-10 08:40:00.000,"330/234","16.0",169030,274050,,T7 - ALUVIÕES DO TEJO,,RIACHOS
2023-04-10 00:00:00.000,"330/234","14.0",169030,274050,,T7 - ALUVIÕES DO TEJO,,RIACHOS
2023-09-25 08:40:00.000,"330/234","41.0",169030,274050,,T7 - ALUVIÕES DO TEJO,,RIACHOS
2002-11-26 00:00:00.000,"330/235","126.83",171120,271440,,T7 - ALUVIÕES DO TEJO,,
2003-05-26 00:00:00.000,"330/235","143.7",171120,271440,,T7 - ALUVIÕES DO TEJO,,
2003-10-13 00:00:00.000,"330/235","153.0",171120,271440,,T7 - ALUVIÕES DO TEJO,,
2004-03-15 00:00:00.000,"330/235","169.0",171120,271440,,T7 - ALUVIÕES DO TEJO,,
2004-10-21 00:00:00.000,"330/235","146.0",171120,271440,,T7 - ALUVIÕES DO TEJO,,
2005-04-12 00:00:00.000,"330/235","132.86",171120,271440,,T7 - ALUVIÕES DO TEJO,,
2005-09-13 00:00:00.000,"330/235","97.42",171120,271440,,T7 - ALUVIÕES DO TEJO,,
2006-03-14 00:00:00.000,"330/235","140.0",171120,271440,,T7 - ALUVIÕES DO TEJO,,
2006-09-12 00:00:00.000,"330/235","140.0",171120,271440,,T7 - ALUVIÕES DO TEJO,,
2007-05-08 00:00:00.000,"330/235","168.3",171120,271440,,T7 - ALUVIÕES DO TEJO,,
2007-09-27 00:00:00.000,"330/235","106.28",171120,271440,,T7 - ALUVIÕES DO TEJO,,
2008-03-11 00:00:00.000,"330/235","160.0",171120,271440,,T7 - ALUVIÕES DO TEJO,,
2008-09-30 00:00:00.000,"330/235","124.0",171120,271440,,T7 - ALUVIÕES DO TEJO,,
2009-05-20 00:00:00.000,"330/235","124.04",171120,271440,,T7 - ALUVIÕES DO TEJO,,
2009-10-28 00:00:00.000,"330/235","75.31",171120,271440,,T7 - ALUVIÕES DO TEJO,,
2010-06-24 14:30:00.000,"330/235","130.0",171120,271440,,T7 - ALUVIÕES DO TEJO,,
2011-03-23 09:00:00.000,"330/235","99.0",171120,271440,,T7 - ALUVIÕES DO TEJO,,
2002-11-19 00:00:00.000,"331/126","20.69",195300,274870,,T7 - ALUVIÕES DO TEJO,,
2003-04-08 00:00:00.000,"331/126","15.73",195300,274870,,T7 - ALUVIÕES DO TEJO,,
2003-10-14 00:00:00.000,"331/126","24.0",195300,274870,,T7 - ALUVIÕES DO TEJO,,
2004-03-16 00:00:00.000,"331/126","18.12",195300,274870,,T7 - ALUVIÕES DO TEJO,,
2005-04-13 00:00:00.000,"331/126","15.46",195300,274870,,T7 - ALUVIÕES DO TEJO,,
2005-09-14 00:00:00.000,"331/126","17.23",195300,274870,,T7 - ALUVIÕES DO TEJO,,
2006-03-15 00:00:00.000,"331/126","7.8",195300,274870,,T7 - ALUVIÕES DO TEJO,,
2006-09-13 00:00:00.000,"331/126","9.7",195300,274870,,T7 - ALUVIÕES DO TEJO,,
2007-03-29 00:00:00.000,"331/126","9.7",195300,274870,,T7 - ALUVIÕES DO TEJO,,
2007-09-26 00:00:00.000,"331/126","9.7",195300,274870,,T7 - ALUVIÕES DO TEJO,,
2008-03-24 00:00:00.000,"331/126","11.92",195300,274870,,T7 - ALUVIÕES DO TEJO,,
2009-05-18 00:00:00.000,"331/126","11.518",195300,274870,,T7 - ALUVIÕES DO TEJO,,
2010-07-06 12:15:00.000,"331/126","20.0",195300,274870,,T7 - ALUVIÕES DO TEJO,,
2012-11-15 09:05:00.000,"331/126","17.0",195300,274870,,T7 - ALUVIÕES DO TEJO,,
2003-04-08 00:00:00.000,"331/127","27.24",196300,276200,,T7 - ALUVIÕES DO TEJO,,
2003-10-14 00:00:00.000,"331/127","38.0",196300,276200,,T7 - ALUVIÕES DO TEJO,,
2004-07-19 00:00:00.000,"331/127","33.181",196300,276200,,T7 - ALUVIÕES DO TEJO,,
2005-04-13 00:00:00.000,"331/127","35.84",196300,276200,,T7 - ALUVIÕES DO TEJO,,
2005-09-14 00:00:00.000,"331/127","39.83",196300,276200,,T7 - ALUVIÕES DO TEJO,,
2006-03-15 00:00:00.000,"331/127","31.0",196300,276200,,T7 - ALUVIÕES DO TEJO,,
2008-10-02 00:00:00.000,"331/127","35.84",196300,276200,,T7 - ALUVIÕES DO TEJO,,
2009-05-13 00:00:00.000,"331/127","43.414",196300,276200,,T7 - ALUVIÕES DO TEJO,,
2002-11-04 00:00:00.000,"331/129","18.83",187630,276740,,T7 - ALUVIÕES DO TEJO,,
2003-04-08 00:00:00.000,"331/129","38.53",187630,276740,,T7 - ALUVIÕES DO TEJO,,
2003-10-14 00:00:00.000,"331/129","48.0",187630,276740,,T7 - ALUVIÕES DO TEJO,,
2004-07-19 00:00:00.000,"331/129","42.484",187630,276740,,T7 - ALUVIÕES DO TEJO,,
2004-10-13 00:00:00.000,"331/129","22.549",187630,276740,,T7 - ALUVIÕES DO TEJO,,
2005-09-14 00:00:00.000,"331/129","15.9",187630,276740,,T7 - ALUVIÕES DO TEJO,,
2006-05-15 00:00:00.000,"331/129","39.0",187630,276740,,T7 - ALUVIÕES DO TEJO,,
2006-09-13 00:00:00.000,"331/129","44.26",187630,276740,,T7 - ALUVIÕES DO TEJO,,
2008-05-14 00:00:00.000,"331/129","26.0",187630,276740,,T7 - ALUVIÕES DO TEJO,,
2008-10-02 00:00:00.000,"331/129","35.4",187630,276740,,T7 - ALUVIÕES DO TEJO,,
2009-06-02 00:00:00.000,"331/129","31.896",187630,276740,,T7 - ALUVIÕES DO TEJO,,
2010-07-28 12:50:00.000,"331/129","91.0",187630,276740,,T7 - ALUVIÕES DO TEJO,,
2013-12-02 15:30:00.000,"331/129","55.0",187630,276740,,T7 - ALUVIÕES DO TEJO,,
2014-04-02 09:40:00.000,"331/129","36.0",187630,276740,,T7 - ALUVIÕES DO TEJO,,
2014-10-14 09:30:00.000,"331/129","34.0",187630,276740,,T7 - ALUVIÕES DO TEJO,,
2015-03-24 09:50:00.000,"331/129","54.0",187630,276740,,T7 - ALUVIÕES DO TEJO,,
2015-10-19 09:45:00.000,"331/129","38.0",187630,276740,,T7 - ALUVIÕES DO TEJO,,
2016-03-22 10:20:00.000,"331/129","24.0",187630,276740,,T7 - ALUVIÕES DO TEJO,,
2016-10-03 09:35:00.000,"331/129","40.0",187630,276740,,T7 - ALUVIÕES DO TEJO,,
2017-03-14 09:40:00.000,"331/129","18.0",187630,276740,,T7 - ALUVIÕES DO TEJO,,
2017-10-10 00:00:00.000,"331/129","38.0",187630,276740,,T7 - ALUVIÕES DO TEJO,,
2018-04-18 09:45:00.000,"331/129","8.5",187630,276740,,T7 - ALUVIÕES DO TEJO,,
2019-04-02 10:40:00.000,"331/129","38.0",187630,276740,,T7 - ALUVIÕES DO TEJO,,
2020-03-16 09:40:00.000,"331/129","29.0",187630,276740,,T7 - ALUVIÕES DO TEJO,,
2020-09-23 09:20:00.000,"331/129","32.0",187630,276740,,T7 - ALUVIÕES DO TEJO,,
2002-11-04 00:00:00.000,"331/130","39.04",188860,277700,,T7 - ALUVIÕES DO TEJO,,
2004-07-19 00:00:00.000,"331/130","40.0",188860,277700,,T7 - ALUVIÕES DO TEJO,,
2004-10-13 00:00:00.000,"331/130","29.637",188860,277700,,T7 - ALUVIÕES DO TEJO,,
2005-04-13 00:00:00.000,"331/130","15.9",188860,277700,,T7 - ALUVIÕES DO TEJO,,
2005-09-14 00:00:00.000,"331/130","21.0",188860,277700,,T7 - ALUVIÕES DO TEJO,,
2006-03-15 00:00:00.000,"331/130","26.0",188860,277700,,T7 - ALUVIÕES DO TEJO,,
2006-09-13 00:00:00.000,"331/130","38.0",188860,277700,,T7 - ALUVIÕES DO TEJO,,
2007-03-29 00:00:00.000,"331/130","46.0",188860,277700,,T7 - ALUVIÕES DO TEJO,,
2007-09-26 00:00:00.000,"331/130","25.0",188860,277700,,T7 - ALUVIÕES DO TEJO,,
2008-03-24 00:00:00.000,"331/130","24.0",188860,277700,,T7 - ALUVIÕES DO TEJO,,
2008-10-02 00:00:00.000,"331/130","20.33",188860,277700,,T7 - ALUVIÕES DO TEJO,,
2009-05-18 00:00:00.000,"331/130","25.0",188860,277700,,T7 - ALUVIÕES DO TEJO,,
2009-10-22 00:00:00.000,"331/130","18.0",188860,277700,,T7 - ALUVIÕES DO TEJO,,
2010-07-06 13:25:00.000,"331/130","31.0",188860,277700,,T7 - ALUVIÕES DO TEJO,,
2011-03-22 14:00:00.000,"331/130","7.0",188860,277700,,T7 - ALUVIÕES DO TEJO,,
2012-11-15 09:30:00.000,"331/130","20.0",188860,277700,,T7 - ALUVIÕES DO TEJO,,
2013-03-14 09:40:00.000,"331/130","12.0",188860,277700,,T7 - ALUVIÕES DO TEJO,,
2013-12-02 16:10:00.000,"331/130",(<)2.000,188860,277700,,T7 - ALUVIÕES DO TEJO,,
2014-04-02 09:10:00.000,"331/130","7.9",188860,277700,,T7 - ALUVIÕES DO TEJO,,
2014-10-14 09:00:00.000,"331/130","8.3",188860,277700,,T7 - ALUVIÕES DO TEJO,,
2015-03-24 09:30:00.000,"331/130","26.0",188860,277700,,T7 - ALUVIÕES DO TEJO,,
2015-10-19 09:20:00.000,"331/130","9.6",188860,277700,,T7 - ALUVIÕES DO TEJO,,
2016-03-22 10:00:00.000,"331/130","8.3",188860,277700,,T7 - ALUVIÕES DO TEJO,,
2016-10-03 09:15:00.000,"331/130","6.7",188860,277700,,T7 - ALUVIÕES DO TEJO,,
2017-03-14 09:10:00.000,"331/130","5.8",188860,277700,,T7 - ALUVIÕES DO TEJO,,
2017-10-10 00:00:00.000,"331/130","35.0",188860,277700,,T7 - ALUVIÕES DO TEJO,,
2018-04-18 16:08:00.000,"331/130","9.2",188860,277700,,T7 - ALUVIÕES DO TEJO,,
2018-10-08 09:20:00.000,"331/130","5.9",188860,277700,,T7 - ALUVIÕES DO TEJO,,
2019-04-02 09:50:00.000,"331/130","9.6",188860,277700,,T7 - ALUVIÕES DO TEJO,,
2019-10-17 10:35:00.000,"331/130","13.0",188860,277700,,T7 - ALUVIÕES DO TEJO,,
2020-03-16 09:20:00.000,"331/130","8.6",188860,277700,,T7 - ALUVIÕES DO TEJO,,
2020-09-23 09:40:00.000,"331/130","7.0",188860,277700,,T7 - ALUVIÕES DO TEJO,,
2021-03-10 09:00:00.000,"331/130","12.0",188860,277700,,T7 - ALUVIÕES DO TEJO,,
2021-10-19 09:25:00.000,"331/130","22.0",188860,277700,,T7 - ALUVIÕES DO TEJO,,
2022-03-22 09:10:00.000,"331/130","21.0",188860,277700,,T7 - ALUVIÕES DO TEJO,,
2022-09-29 09:45:00.000,"331/130","40.0",188860,277700,,T7 - ALUVIÕES DO TEJO,,
2023-04-26 09:40:00.000,"331/130","20.0",188860,277700,,T7 - ALUVIÕES DO TEJO,,
2023-09-26 09:20:00.000,"331/130","9.4",188860,277700,,T7 - ALUVIÕES DO TEJO,,
2002-11-04 00:00:00.000,"331/131","37.12",189600,277700,,T7 - ALUVIÕES DO TEJO,,
2003-05-26 00:00:00.000,"331/131","10.32",189600,277700,,T7 - ALUVIÕES DO TEJO,,
2003-10-14 00:00:00.000,"331/131","0.49",189600,277700,,T7 - ALUVIÕES DO TEJO,,
2004-07-19 00:00:00.000,"331/131","53.116",189600,277700,,T7 - ALUVIÕES DO TEJO,,
2004-10-13 00:00:00.000,"331/131","17.676",189600,277700,,T7 - ALUVIÕES DO TEJO,,
2005-04-13 00:00:00.000,"331/131","53.12",189600,277700,,T7 - ALUVIÕES DO TEJO,,
2006-03-15 00:00:00.000,"331/131","50.0",189600,277700,,T7 - ALUVIÕES DO TEJO,,
2006-09-13 00:00:00.000,"331/131","31.85",189600,277700,,T7 - ALUVIÕES DO TEJO,,
2007-03-29 00:00:00.000,"331/131","53.12",189600,277700,,T7 - ALUVIÕES DO TEJO,,
2008-10-02 00:00:00.000,"331/131","37.17",189600,277700,,T7 - ALUVIÕES DO TEJO,,
2009-06-02 00:00:00.000,"331/131","53.16",189600,277700,,T7 - ALUVIÕES DO TEJO,,
2010-07-06 12:50:00.000,"331/131","71.0",189600,277700,,T7 - ALUVIÕES DO TEJO,,
2011-03-22 13:40:00.000,"331/131","140.0",189600,277700,,T7 - ALUVIÕES DO TEJO,,
2013-12-02 15:50:00.000,"331/131","22.0",189600,277700,,T7 - ALUVIÕES DO TEJO,,
2014-04-02 10:10:00.000,"331/131","63.0",189600,277700,,T7 - ALUVIÕES DO TEJO,,
2014-10-14 09:50:00.000,"331/131","45.0",189600,277700,,T7 - ALUVIÕES DO TEJO,,
2003-04-08 00:00:00.000,"331/133","40.4",196120,277785,,T7 - ALUVIÕES DO TEJO,,ALFERRAREDE
2003-10-14 00:00:00.000,"331/133","38.5",196120,277785,,T7 - ALUVIÕES DO TEJO,,ALFERRAREDE
2004-10-13 00:00:00.000,"331/133","42.484",196120,277785,,T7 - ALUVIÕES DO TEJO,,ALFERRAREDE
2005-04-13 00:00:00.000,"331/133","29.64",196120,277785,,T7 - ALUVIÕES DO TEJO,,ALFERRAREDE
2005-09-14 00:00:00.000,"331/133","30.08",196120,277785,,T7 - ALUVIÕES DO TEJO,,ALFERRAREDE
2006-05-15 00:00:00.000,"331/133","28.0",196120,277785,,T7 - ALUVIÕES DO TEJO,,ALFERRAREDE
2006-09-13 00:00:00.000,"331/133","27.42",196120,277785,,T7 - ALUVIÕES DO TEJO,,ALFERRAREDE
2007-03-29 00:00:00.000,"331/133","33.62",196120,277785,,T7 - ALUVIÕES DO TEJO,,ALFERRAREDE
2007-09-26 00:00:00.000,"331/133","20.0",196120,277785,,T7 - ALUVIÕES DO TEJO,,ALFERRAREDE
2008-03-24 00:00:00.000,"331/133","16.35",196120,277785,,T7 - ALUVIÕES DO TEJO,,ALFERRAREDE
2008-10-02 00:00:00.000,"331/133","14.13",196120,277785,,T7 - ALUVIÕES DO TEJO,,ALFERRAREDE
2009-05-18 00:00:00.000,"331/133","15.505",196120,277785,,T7 - ALUVIÕES DO TEJO,,ALFERRAREDE
2009-10-22 00:00:00.000,"331/133","16.391",196120,277785,,T7 - ALUVIÕES DO TEJO,,ALFERRAREDE
2002-11-05 00:00:00.000,"341/252","21.57",161780,262470,,T7 - ALUVIÕES DO TEJO,,
2003-04-08 00:00:00.000,"341/252","51.38",161780,262470,,T7 - ALUVIÕES DO TEJO,,
2003-10-07 00:00:00.000,"341/252","21.0",161780,262470,,T7 - ALUVIÕES DO TEJO,,
2004-03-08 00:00:00.000,"341/252","46.0",161780,262470,,T7 - ALUVIÕES DO TEJO,,
2004-10-18 00:00:00.000,"341/252","35.0",161780,262470,,T7 - ALUVIÕES DO TEJO,,
2005-04-06 00:00:00.000,"341/252","26.09",161780,262470,,T7 - ALUVIÕES DO TEJO,,
2006-05-09 00:00:00.000,"341/252","21.0",161780,262470,,T7 - ALUVIÕES DO TEJO,,
2006-09-11 00:00:00.000,"341/252","22.0",161780,262470,,T7 - ALUVIÕES DO TEJO,,
2006-09-12 00:00:00.000,"341/252","22.0",161780,262470,,T7 - ALUVIÕES DO TEJO,,
2007-05-08 00:00:00.000,"341/252","32.0",161780,262470,,T7 - ALUVIÕES DO TEJO,,
2007-09-18 00:00:00.000,"341/252","18.0",161780,262470,,T7 - ALUVIÕES DO TEJO,,
2008-03-10 00:00:00.000,"341/252","21.22",161780,262470,,T7 - ALUVIÕES DO TEJO,,
2008-09-29 00:00:00.000,"341/252","18.56",161780,262470,,T7 - ALUVIÕES DO TEJO,,
2009-05-11 00:00:00.000,"341/252","26.58",161780,262470,,T7 - ALUVIÕES DO TEJO,,
2009-10-19 00:00:00.000,"341/252","28.352",161780,262470,,T7 - ALUVIÕES DO TEJO,,
2011-03-31 11:36:00.000,"341/252","22.0",161780,262470,,T7 - ALUVIÕES DO TEJO,,
2002-11-26 00:00:00.000,"341/253","221.77",164000,264600,,T7 - ALUVIÕES DO TEJO,,
2003-05-26 00:00:00.000,"341/253","141.05",164000,264600,,T7 - ALUVIÕES DO TEJO,,
2003-10-07 00:00:00.000,"341/253","159.0",164000,264600,,T7 - ALUVIÕES DO TEJO,,
2004-03-08 00:00:00.000,"341/253","168.3",164000,264600,,T7 - ALUVIÕES DO TEJO,,
2004-10-18 00:00:00.000,"341/253","145.0",164000,264600,,T7 - ALUVIÕES DO TEJO,,
2005-09-07 00:00:00.000,"341/253","115.14",164000,264600,,T7 - ALUVIÕES DO TEJO,,
2006-05-15 00:00:00.000,"341/253","124.0",164000,264600,,T7 - ALUVIÕES DO TEJO,,
2006-09-06 00:00:00.000,"341/253","130.0",164000,264600,,T7 - ALUVIÕES DO TEJO,,
2008-03-26 00:00:00.000,"341/253","115.14",164000,264600,,T7 - ALUVIÕES DO TEJO,,
2008-10-06 00:00:00.000,"341/253","128.43",164000,264600,,T7 - ALUVIÕES DO TEJO,,
2009-06-03 00:00:00.000,"341/253","106.32",164000,264600,,T7 - ALUVIÕES DO TEJO,,
2009-10-28 00:00:00.000,"341/253","115.18",164000,264600,,T7 - ALUVIÕES DO TEJO,,
2011-03-23 13:00:00.000,"341/253","120.0",164000,264600,,T7 - ALUVIÕES DO TEJO,,
2013-11-29 12:28:00.000,"341/253","120.0",164000,264600,,T7 - ALUVIÕES DO TEJO,,
2014-04-22 11:55:00.000,"341/253","100.0",164000,264600,,T7 - ALUVIÕES DO TEJO,,
2014-10-28 08:30:00.000,"341/253","65.0",164000,264600,,T7 - ALUVIÕES DO TEJO,,
2015-04-20 12:45:00.000,"341/253","110.0",164000,264600,,T7 - ALUVIÕES DO TEJO,,
2015-11-16 08:40:00.000,"341/253","120.0",164000,264600,,T7 - ALUVIÕES DO TEJO,,
2016-04-26 08:15:00.000,"341/253","110.0",164000,264600,,T7 - ALUVIÕES DO TEJO,,
2016-10-24 10:20:00.000,"341/253","110.0",164000,264600,,T7 - ALUVIÕES DO TEJO,,
2017-03-21 11:25:00.000,"341/253","120.0",164000,264600,,T7 - ALUVIÕES DO TEJO,,
2017-10-25 10:10:00.000,"341/253","67.0",164000,264600,,T7 - ALUVIÕES DO TEJO,,
2018-04-16 08:25:00.000,"341/253","130.0",164000,264600,,T7 - ALUVIÕES DO TEJO,,
2018-10-17 09:30:00.000,"341/253","140.0",164000,264600,,T7 - ALUVIÕES DO TEJO,,
2019-03-20 08:55:00.000,"341/253","140.0",164000,264600,,T7 - ALUVIÕES DO TEJO,,
2019-11-14 09:55:00.000,"341/253","110.0",164000,264600,,T7 - ALUVIÕES DO TEJO,,
2020-03-10 09:40:00.000,"341/253","150.0",164000,264600,,T7 - ALUVIÕES DO TEJO,,
2020-10-19 09:30:00.000,"341/253","150.0",164000,264600,,T7 - ALUVIÕES DO TEJO,,
2021-03-09 00:45:00.000,"341/253","140.0",164000,264600,,T7 - ALUVIÕES DO TEJO,,
2022-10-19 08:55:00.000,"341/253","100.0",164000,264600,,T7 - ALUVIÕES DO TEJO,,
2023-03-07 09:15:00.000,"341/253","100.0",164000,264600,,T7 - ALUVIÕES DO TEJO,,
2023-10-16 09:00:00.000,"341/253","130.0",164000,264600,,T7 - ALUVIÕES DO TEJO,,
2002-11-05 00:00:00.000,"341/254","0.84",167050,265270,,T7 - ALUVIÕES DO TEJO,,
2003-10-07 00:00:00.000,"341/254","0.66",167050,265270,,T7 - ALUVIÕES DO TEJO,,
2005-04-06 00:00:00.000,"341/254","26.0",167050,265270,,T7 - ALUVIÕES DO TEJO,,
2005-09-07 00:00:00.000,"341/254","0.66",167050,265270,,T7 - ALUVIÕES DO TEJO,,
2006-03-08 00:00:00.000,"341/254","11.0",167050,265270,,T7 - ALUVIÕES DO TEJO,,
2007-09-18 00:00:00.000,"341/254","0.84",167050,265270,,T7 - ALUVIÕES DO TEJO,,
2008-09-29 00:00:00.000,"341/254","0.84",167050,265270,,T7 - ALUVIÕES DO TEJO,,
2009-06-03 00:00:00.000,"341/254",(e<)0.886,167050,265270,,T7 - ALUVIÕES DO TEJO,,
2009-10-28 00:00:00.000,"341/254",(e<)0.886,167050,265270,,T7 - ALUVIÕES DO TEJO,,
2010-06-24 10:50:00.000,"341/254","3.0",167050,265270,,T7 - ALUVIÕES DO TEJO,,
2011-03-23 10:00:00.000,"341/254",(<)2.000,167050,265270,,T7 - ALUVIÕES DO TEJO,,
2012-12-10 09:50:00.000,"341/254",(<)0.890,167050,265270,,T7 - ALUVIÕES DO TEJO,,
2013-04-17 09:15:00.000,"341/254",(<)0.890,167050,265270,,T7 - ALUVIÕES DO TEJO,,
2013-11-29 12:59:00.000,"341/254","3.0",167050,265270,,T7 - ALUVIÕES DO TEJO,,
2014-04-22 11:20:00.000,"341/254",(<)0.890,167050,265270,,T7 - ALUVIÕES DO TEJO,,
2014-10-28 10:40:00.000,"341/254",(<)0.890,167050,265270,,T7 - ALUVIÕES DO TEJO,,
2015-04-20 11:20:00.000,"341/254",(<)0.890,167050,265270,,T7 - ALUVIÕES DO TEJO,,
2015-11-16 10:15:00.000,"341/254",(<)0.890,167050,265270,,T7 - ALUVIÕES DO TEJO,,
2016-04-26 09:15:00.000,"341/254",(<)0.890,167050,265270,,T7 - ALUVIÕES DO TEJO,,
2016-10-24 10:05:00.000,"341/254",(<)0.890,167050,265270,,T7 - ALUVIÕES DO TEJO,,
2017-03-21 11:40:00.000,"341/254",(<)0.890,167050,265270,,T7 - ALUVIÕES DO TEJO,,
2017-10-25 09:50:00.000,"341/254",(<)0.890,167050,265270,,T7 - ALUVIÕES DO TEJO,,
2002-11-05 00:00:00.000,"341/255","44.96",166540,268440,,T7 - ALUVIÕES DO TEJO,,
2003-05-26 00:00:00.000,"341/255","55.43",166540,268440,,T7 - ALUVIÕES DO TEJO,,
2003-10-07 00:00:00.000,"341/255","34.0",166540,268440,,T7 - ALUVIÕES DO TEJO,,
2004-10-18 00:00:00.000,"341/255","35.0",166540,268440,,T7 - ALUVIÕES DO TEJO,,
2006-09-06 00:00:00.000,"341/255","33.0",166540,268440,,T7 - ALUVIÕES DO TEJO,,
2002-10-23 00:00:00.000,"342/113","95.13",171250,268700,,T7 - ALUVIÕES DO TEJO,,
2003-05-26 00:00:00.000,"342/113","121.6",171250,268700,,T7 - ALUVIÕES DO TEJO,,
2003-10-13 00:00:00.000,"342/113","157.0",171250,268700,,T7 - ALUVIÕES DO TEJO,,
2004-03-15 00:00:00.000,"342/113","89.0",171250,268700,,T7 - ALUVIÕES DO TEJO,,
2004-10-20 00:00:00.000,"342/113","110.706",171250,268700,,T7 - ALUVIÕES DO TEJO,,
2005-04-12 00:00:00.000,"342/113","110.0",171250,268700,,T7 - ALUVIÕES DO TEJO,,
2005-09-13 00:00:00.000,"342/113","88.0",171250,268700,,T7 - ALUVIÕES DO TEJO,,
2006-05-09 00:00:00.000,"342/113","92.0",171250,268700,,T7 - ALUVIÕES DO TEJO,,
2006-09-12 00:00:00.000,"342/113","120.0",171250,268700,,T7 - ALUVIÕES DO TEJO,,
2007-09-27 00:00:00.000,"342/113","88.56",171250,268700,,T7 - ALUVIÕES DO TEJO,,
2008-03-11 00:00:00.000,"342/113","124.0",171250,268700,,T7 - ALUVIÕES DO TEJO,,
2008-09-30 00:00:00.000,"342/113","84.13",171250,268700,,T7 - ALUVIÕES DO TEJO,,
2009-05-20 00:00:00.000,"342/113","110.75",171250,268700,,T7 - ALUVIÕES DO TEJO,,
2009-10-28 00:00:00.000,"342/113","106.32",171250,268700,,T7 - ALUVIÕES DO TEJO,,
2010-06-24 12:30:00.000,"342/113","120.0",171250,268700,,T7 - ALUVIÕES DO TEJO,,
2012-11-29 11:05:00.000,"342/113","110.0",171250,268700,,T7 - ALUVIÕES DO TEJO,,
2013-03-21 10:20:00.000,"342/113","52.0",171250,268700,,T7 - ALUVIÕES DO TEJO,,
2013-11-29 13:18:00.000,"342/113","100.0",171250,268700,,T7 - ALUVIÕES DO TEJO,,
2014-04-08 10:00:00.000,"342/113","22.0",171250,268700,,T7 - ALUVIÕES DO TEJO,,
2014-10-16 10:45:00.000,"342/113","53.0",171250,268700,,T7 - ALUVIÕES DO TEJO,,
2015-04-06 12:50:00.000,"342/113","100.0",171250,268700,,T7 - ALUVIÕES DO TEJO,,
2015-10-26 10:35:00.000,"342/113","94.0",171250,268700,,T7 - ALUVIÕES DO TEJO,,
2016-04-05 10:05:00.000,"342/113","74.0",171250,268700,,T7 - ALUVIÕES DO TEJO,,
2016-10-17 10:10:00.000,"342/113","110.0",171250,268700,,T7 - ALUVIÕES DO TEJO,,
2017-03-13 09:40:00.000,"342/113","88.0",171250,268700,,T7 - ALUVIÕES DO TEJO,,
2017-10-16 09:10:00.000,"342/113","72.0",171250,268700,,T7 - ALUVIÕES DO TEJO,,
2018-04-26 09:55:00.000,"342/113","55.0",171250,268700,,T7 - ALUVIÕES DO TEJO,,
2018-10-02 10:05:00.000,"342/113","74.0",171250,268700,,T7 - ALUVIÕES DO TEJO,,
2019-03-27 10:20:00.000,"342/113","62.0",171250,268700,,T7 - ALUVIÕES DO TEJO,,
2020-04-27 10:00:00.000,"342/113","18.0",171250,268700,,T7 - ALUVIÕES DO TEJO,,
2020-10-06 10:35:00.000,"342/113","130.0",171250,268700,,T7 - ALUVIÕES DO TEJO,,
2021-03-31 09:50:00.000,"342/113","210.0",171250,268700,,T7 - ALUVIÕES DO TEJO,,
2010-06-24 12:45:00.000,"342/114","87.0",168360,268980,,T7 - ALUVIÕES DO TEJO,,
2011-03-23 11:40:00.000,"342/114","140.0",168360,268980,,T7 - ALUVIÕES DO TEJO,,
2013-11-29 11:02:00.000,"342/114","130.0",168360,268980,,T7 - ALUVIÕES DO TEJO,,
2014-04-08 10:50:00.000,"342/114","120.0",168360,268980,,T7 - ALUVIÕES DO TEJO,,
2014-10-16 11:00:00.000,"342/114","9.2",168360,268980,,T7 - ALUVIÕES DO TEJO,,
2015-04-06 13:10:00.000,"342/114","110.0",168360,268980,,T7 - ALUVIÕES DO TEJO,,
2015-10-26 10:50:00.000,"342/114","160.0",168360,268980,,T7 - ALUVIÕES DO TEJO,,
2016-04-05 10:20:00.000,"342/114","35.0",168360,268980,,T7 - ALUVIÕES DO TEJO,,
2016-10-17 10:30:00.000,"342/114","150.0",168360,268980,,T7 - ALUVIÕES DO TEJO,,
2017-03-13 10:00:00.000,"342/114","38.0",168360,268980,,T7 - ALUVIÕES DO TEJO,,
2018-04-26 10:10:00.000,"342/114","120.0",168360,268980,,T7 - ALUVIÕES DO TEJO,,
2018-10-02 10:25:00.000,"342/114","200.0",168360,268980,,T7 - ALUVIÕES DO TEJO,,
2019-03-27 10:40:00.000,"342/114","160.0",168360,268980,,T7 - ALUVIÕES DO TEJO,,
2020-04-27 10:15:00.000,"342/114","200.0",168360,268980,,T7 - ALUVIÕES DO TEJO,,
2020-10-06 10:50:00.000,"342/114","200.0",168360,268980,,T7 - ALUVIÕES DO TEJO,,
2021-03-31 10:10:00.000,"342/114","190.0",168360,268980,,T7 - ALUVIÕES DO TEJO,,
2021-10-06 11:00:00.000,"342/114","190.0",168360,268980,,T7 - ALUVIÕES DO TEJO,,
2022-04-04 10:45:00.000,"342/114","26.0",168360,268980,,T7 - ALUVIÕES DO TEJO,,
2022-10-10 10:45:00.000,"342/114","180.0",168360,268980,,T7 - ALUVIÕES DO TEJO,,
2023-04-10 00:00:00.000,"342/114","180.0",168360,268980,,T7 - ALUVIÕES DO TEJO,,
2023-09-25 10:40:00.000,"342/114","230.0",168360,268980,,T7 - ALUVIÕES DO TEJO,,
2002-11-06 00:00:00.000,"342/115","113.68",168420,267550,,T7 - ALUVIÕES DO TEJO,,
2003-05-26 00:00:00.000,"342/115","126.08",168420,267550,,T7 - ALUVIÕES DO TEJO,,
2003-10-13 00:00:00.000,"342/115","112.0",168420,267550,,T7 - ALUVIÕES DO TEJO,,
2004-03-15 00:00:00.000,"342/115","114.0",168420,267550,,T7 - ALUVIÕES DO TEJO,,
2004-10-20 00:00:00.000,"342/115","104.0",168420,267550,,T7 - ALUVIÕES DO TEJO,,
2005-04-12 00:00:00.000,"342/115","106.28",168420,267550,,T7 - ALUVIÕES DO TEJO,,
2005-09-13 00:00:00.000,"342/115","48.69",168420,267550,,T7 - ALUVIÕES DO TEJO,,
2006-03-14 00:00:00.000,"342/115","120.0",168420,267550,,T7 - ALUVIÕES DO TEJO,,
2006-09-12 00:00:00.000,"342/115","81.0",168420,267550,,T7 - ALUVIÕES DO TEJO,,
2007-03-22 00:00:00.000,"342/115","97.42",168420,267550,,T7 - ALUVIÕES DO TEJO,,
2007-09-27 00:00:00.000,"342/115","70.84",168420,267550,,T7 - ALUVIÕES DO TEJO,,
2008-03-11 00:00:00.000,"342/115","110.0",168420,267550,,T7 - ALUVIÕES DO TEJO,,
2008-09-30 00:00:00.000,"342/115","66.41",168420,267550,,T7 - ALUVIÕES DO TEJO,,
2009-06-03 00:00:00.000,"342/115","70.88",168420,267550,,T7 - ALUVIÕES DO TEJO,,
2009-10-28 00:00:00.000,"342/115","60.0",168420,267550,,T7 - ALUVIÕES DO TEJO,,
2010-06-24 11:30:00.000,"342/115","80.0",168420,267550,,T7 - ALUVIÕES DO TEJO,,
2011-03-23 10:30:00.000,"342/115","88.0",168420,267550,,T7 - ALUVIÕES DO TEJO,,
2012-12-10 09:35:00.000,"342/115","100.0",168420,267550,,T7 - ALUVIÕES DO TEJO,,
2013-04-17 09:30:00.000,"342/115","88.0",168420,267550,,T7 - ALUVIÕES DO TEJO,,
2013-11-29 11:49:00.000,"342/115","68.0",168420,267550,,T7 - ALUVIÕES DO TEJO,,
2014-04-22 11:00:00.000,"342/115","97.0",168420,267550,,T7 - ALUVIÕES DO TEJO,,
2014-10-28 10:15:00.000,"342/115","48.0",168420,267550,,T7 - ALUVIÕES DO TEJO,,
2015-04-20 11:00:00.000,"342/115","120.0",168420,267550,,T7 - ALUVIÕES DO TEJO,,
2015-11-16 09:55:00.000,"342/115","93.0",168420,267550,,T7 - ALUVIÕES DO TEJO,,
2016-10-24 09:40:00.000,"342/115","75.0",168420,267550,,T7 - ALUVIÕES DO TEJO,,
2017-03-21 12:00:00.000,"342/115","98.0",168420,267550,,T7 - ALUVIÕES DO TEJO,,
2017-10-25 09:40:00.000,"342/115","43.0",168420,267550,,T7 - ALUVIÕES DO TEJO,,
2018-04-16 09:35:00.000,"342/115","98.0",168420,267550,,T7 - ALUVIÕES DO TEJO,,
2018-10-17 10:10:00.000,"342/115","120.0",168420,267550,,T7 - ALUVIÕES DO TEJO,,
2019-03-20 10:20:00.000,"342/115","93.0",168420,267550,,T7 - ALUVIÕES DO TEJO,,
2019-11-14 10:20:00.000,"342/115","86.0",168420,267550,,T7 - ALUVIÕES DO TEJO,,
2020-03-10 09:40:00.000,"342/115","92.0",168420,267550,,T7 - ALUVIÕES DO TEJO,,
2020-10-19 10:00:00.000,"342/115","97.0",168420,267550,,T7 - ALUVIÕES DO TEJO,,
2021-03-09 10:15:00.000,"342/115","98.0",168420,267550,,T7 - ALUVIÕES DO TEJO,,
2021-11-03 10:15:00.000,"342/115","82.0",168420,267550,,T7 - ALUVIÕES DO TEJO,,
2022-04-11 10:20:00.000,"342/115","99.0",168420,267550,,T7 - ALUVIÕES DO TEJO,,
2022-10-19 10:00:00.000,"342/115","110.0",168420,267550,,T7 - ALUVIÕES DO TEJO,,
2023-03-07 10:10:00.000,"342/115","82.0",168420,267550,,T7 - ALUVIÕES DO TEJO,,
2023-10-16 09:50:00.000,"342/115","100.0",168420,267550,,T7 - ALUVIÕES DO TEJO,,
2002-11-11 00:00:00.000,"353/22","93.83",158460,250300,,T7 - ALUVIÕES DO TEJO,DESATIVADO,
2003-04-07 00:00:00.000,"353/22","99.14",158460,250300,,T7 - ALUVIÕES DO TEJO,DESATIVADO,
2003-10-06 00:00:00.000,"353/22","76.0",158460,250300,,T7 - ALUVIÕES DO TEJO,DESATIVADO,
2004-10-19 00:00:00.000,"353/22","79.696",158460,250300,,T7 - ALUVIÕES DO TEJO,DESATIVADO,
2005-04-04 00:00:00.000,"353/22","88.56",158460,250300,,T7 - ALUVIÕES DO TEJO,DESATIVADO,
2005-09-05 00:00:00.000,"353/22","92.99",158460,250300,,T7 - ALUVIÕES DO TEJO,DESATIVADO,
2006-03-06 00:00:00.000,"353/22","64.0",158460,250300,,T7 - ALUVIÕES DO TEJO,DESATIVADO,
2006-09-04 00:00:00.000,"353/22","97.42",158460,250300,,T7 - ALUVIÕES DO TEJO,DESATIVADO,
2007-05-07 00:00:00.000,"353/22","101.85",158460,250300,,T7 - ALUVIÕES DO TEJO,DESATIVADO,
2007-09-17 00:00:00.000,"353/22","97.42",158460,250300,,T7 - ALUVIÕES DO TEJO,DESATIVADO,
2008-03-06 00:00:00.000,"353/22","97.42",158460,250300,,T7 - ALUVIÕES DO TEJO,DESATIVADO,
2008-09-25 00:00:00.000,"353/22","106.28",158460,250300,,T7 - ALUVIÕES DO TEJO,DESATIVADO,
2009-03-23 00:00:00.000,"353/22","58.0",158460,250300,,T7 - ALUVIÕES DO TEJO,DESATIVADO,
2009-10-29 00:00:00.000,"353/22","79.74",158460,250300,,T7 - ALUVIÕES DO TEJO,DESATIVADO,
2010-07-14 15:15:00.000,"353/22","99.0",158460,250300,,T7 - ALUVIÕES DO TEJO,DESATIVADO,
2011-02-14 12:45:00.000,"353/22","96.0",158460,250300,,T7 - ALUVIÕES DO TEJO,DESATIVADO,
2012-11-12 10:55:00.000,"353/22","87.0",158460,250300,,T7 - ALUVIÕES DO TEJO,DESATIVADO,
2013-03-11 00:00:00.000,"353/22","80.0",158460,250300,,T7 - ALUVIÕES DO TEJO,DESATIVADO,
2014-03-10 12:20:00.000,"353/22","80.0",158460,250300,,T7 - ALUVIÕES DO TEJO,DESATIVADO,
2014-10-08 11:05:00.000,"353/22","63.0",158460,250300,,T7 - ALUVIÕES DO TEJO,DESATIVADO,
2015-03-03 11:00:00.000,"353/22","83.0",158460,250300,,T7 - ALUVIÕES DO TEJO,DESATIVADO,
2015-10-07 10:40:00.000,"353/22","99.0",158460,250300,,T7 - ALUVIÕES DO TEJO,DESATIVADO,
2016-03-01 11:10:00.000,"353/22","110.0",158460,250300,,T7 - ALUVIÕES DO TEJO,DESATIVADO,
2016-10-10 10:50:00.000,"353/22","99.0",158460,250300,,T7 - ALUVIÕES DO TEJO,DESATIVADO,
2017-04-18 10:50:00.000,"353/22","100.0",158460,250300,,T7 - ALUVIÕES DO TEJO,DESATIVADO,
2017-10-23 11:20:00.000,"353/22","95.0",158460,250300,,T7 - ALUVIÕES DO TEJO,DESATIVADO,
2018-04-17 10:15:00.000,"353/22","110.0",158460,250300,,T7 - ALUVIÕES DO TEJO,DESATIVADO,
2018-10-03 11:05:00.000,"353/22","100.0",158460,250300,,T7 - ALUVIÕES DO TEJO,DESATIVADO,
2019-03-11 11:30:00.000,"353/22","100.0",158460,250300,,T7 - ALUVIÕES DO TEJO,DESATIVADO,
2019-11-13 11:00:00.000,"353/22","100.0",158460,250300,,T7 - ALUVIÕES DO TEJO,DESATIVADO,
2020-03-03 11:15:00.000,"353/22","100.0",158460,250300,,T7 - ALUVIÕES DO TEJO,DESATIVADO,
2003-04-07 00:00:00.000,"353/373","26.14",165001,258000,,T7 - ALUVIÕES DO TEJO,,VALE DE CAVALOS
2003-10-06 00:00:00.000,"353/373","34.0",165001,258000,,T7 - ALUVIÕES DO TEJO,,VALE DE CAVALOS
2004-10-11 00:00:00.000,"353/373","37.0",165001,258000,,T7 - ALUVIÕES DO TEJO,,VALE DE CAVALOS
2005-04-04 00:00:00.000,"353/373","12.0",165001,258000,,T7 - ALUVIÕES DO TEJO,,VALE DE CAVALOS
2005-09-05 00:00:00.000,"353/373","30.0",165001,258000,,T7 - ALUVIÕES DO TEJO,,VALE DE CAVALOS
2006-03-06 00:00:00.000,"353/373","16.0",165001,258000,,T7 - ALUVIÕES DO TEJO,,VALE DE CAVALOS
2007-09-17 00:00:00.000,"353/373","19.0",165001,258000,,T7 - ALUVIÕES DO TEJO,,VALE DE CAVALOS
2008-03-06 00:00:00.000,"353/373","15.0",165001,258000,,T7 - ALUVIÕES DO TEJO,,VALE DE CAVALOS
2008-09-25 00:00:00.000,"353/373","21.0",165001,258000,,T7 - ALUVIÕES DO TEJO,,VALE DE CAVALOS
2009-05-28 00:00:00.000,"353/373","5.6",165001,258000,,T7 - ALUVIÕES DO TEJO,,VALE DE CAVALOS
2009-10-29 00:00:00.000,"353/373","0.78",165001,258000,,T7 - ALUVIÕES DO TEJO,,VALE DE CAVALOS
2010-06-25 10:20:00.000,"353/373","19.0",165001,258000,,T7 - ALUVIÕES DO TEJO,,VALE DE CAVALOS
2011-03-21 16:00:00.000,"353/373","11.0",165001,258000,,T7 - ALUVIÕES DO TEJO,,VALE DE CAVALOS
2012-11-22 09:30:00.000,"353/373",(<)0.890,165001,258000,,T7 - ALUVIÕES DO TEJO,,VALE DE CAVALOS
2013-04-08 09:15:00.000,"353/373","2.4",165001,258000,,T7 - ALUVIÕES DO TEJO,,VALE DE CAVALOS
2013-11-20 16:00:00.000,"353/373","10.0",165001,258000,,T7 - ALUVIÕES DO TEJO,,VALE DE CAVALOS
2014-09-29 08:35:00.000,"353/373","7.2",165001,258000,,T7 - ALUVIÕES DO TEJO,,VALE DE CAVALOS
2015-02-23 12:50:00.000,"353/373","12.0",165001,258000,,T7 - ALUVIÕES DO TEJO,,VALE DE CAVALOS
2015-09-29 08:50:00.000,"353/373",(<)0.890,165001,258000,,T7 - ALUVIÕES DO TEJO,,VALE DE CAVALOS
2016-02-22 08:45:00.000,"353/373",(<)0.890,165001,258000,,T7 - ALUVIÕES DO TEJO,,VALE DE CAVALOS
2016-10-06 08:40:00.000,"353/373",(<)0.890,165001,258000,,T7 - ALUVIÕES DO TEJO,,VALE DE CAVALOS
2017-04-20 10:00:00.000,"353/373","3.4",165001,258000,,T7 - ALUVIÕES DO TEJO,,VALE DE CAVALOS
2017-10-24 08:40:00.000,"353/373",(<)0.890,165001,258000,,T7 - ALUVIÕES DO TEJO,,VALE DE CAVALOS
2018-03-28 08:20:00.000,"353/373","4.2",165001,258000,,T7 - ALUVIÕES DO TEJO,,VALE DE CAVALOS
2018-10-11 11:00:00.000,"353/373","1.0",165001,258000,,T7 - ALUVIÕES DO TEJO,,VALE DE CAVALOS
2019-03-12 09:10:00.000,"353/373","14.0",165001,258000,,T7 - ALUVIÕES DO TEJO,,VALE DE CAVALOS
2019-10-30 08:50:00.000,"353/373",(<)0.890,165001,258000,,T7 - ALUVIÕES DO TEJO,,VALE DE CAVALOS
2020-03-04 09:00:00.000,"353/373","19.0",165001,258000,,T7 - ALUVIÕES DO TEJO,,VALE DE CAVALOS
2020-10-21 09:10:00.000,"353/373","2.6",165001,258000,,T7 - ALUVIÕES DO TEJO,,VALE DE CAVALOS
2021-03-02 09:05:00.000,"353/373","18.0",165001,258000,,T7 - ALUVIÕES DO TEJO,,VALE DE CAVALOS
2021-10-07 09:15:00.000,"353/373",(<)0.890,165001,258000,,T7 - ALUVIÕES DO TEJO,,VALE DE CAVALOS
2022-03-28 09:15:00.000,"353/373","1.5",165001,258000,,T7 - ALUVIÕES DO TEJO,,VALE DE CAVALOS
2022-10-24 09:20:00.000,"353/373",(<)0.890,165001,258000,,T7 - ALUVIÕES DO TEJO,,VALE DE CAVALOS
2023-04-26 11:15:00.000,"353/373","2.9",165001,258000,,T7 - ALUVIÕES DO TEJO,,VALE DE CAVALOS
2023-09-20 12:30:00.000,"353/373",(<)0.890,165001,258000,,T7 - ALUVIÕES DO TEJO,,VALE DE CAVALOS
2002-11-11 00:00:00.000,"353/87","93.25",161750,256040,,T7 - ALUVIÕES DO TEJO,,
2003-04-07 00:00:00.000,"353/87","87.05",161750,256040,,T7 - ALUVIÕES DO TEJO,,
2003-10-06 00:00:00.000,"353/87","44.26",161750,256040,,T7 - ALUVIÕES DO TEJO,,
2004-03-01 00:00:00.000,"353/87","53.12",161750,256040,,T7 - ALUVIÕES DO TEJO,,
2004-10-11 00:00:00.000,"353/87","48.686",161750,256040,,T7 - ALUVIÕES DO TEJO,,
2005-04-04 00:00:00.000,"353/87","53.12",161750,256040,,T7 - ALUVIÕES DO TEJO,,
2005-09-05 00:00:00.000,"353/87","48.69",161750,256040,,T7 - ALUVIÕES DO TEJO,,
2006-03-06 00:00:00.000,"353/87","53.12",161750,256040,,T7 - ALUVIÕES DO TEJO,,
2006-09-04 00:00:00.000,"353/87","53.12",161750,256040,,T7 - ALUVIÕES DO TEJO,,
2007-03-12 00:00:00.000,"353/87","53.0",161750,256040,,T7 - ALUVIÕES DO TEJO,,
2007-09-17 00:00:00.000,"353/87","61.98",161750,256040,,T7 - ALUVIÕES DO TEJO,,
2008-03-06 00:00:00.000,"353/87","61.98",161750,256040,,T7 - ALUVIÕES DO TEJO,,
2008-09-25 00:00:00.000,"353/87","61.98",161750,256040,,T7 - ALUVIÕES DO TEJO,,
2009-03-23 00:00:00.000,"353/87","73.0",161750,256040,,T7 - ALUVIÕES DO TEJO,,
2009-10-29 00:00:00.000,"353/87","48.73",161750,256040,,T7 - ALUVIÕES DO TEJO,,
2010-07-14 15:55:00.000,"353/87","94.0",161750,256040,,T7 - ALUVIÕES DO TEJO,,
2011-02-14 11:44:00.000,"353/87","93.0",161750,256040,,T7 - ALUVIÕES DO TEJO,,
2013-11-18 11:50:00.000,"353/87","45.0",161750,256040,,T7 - ALUVIÕES DO TEJO,,
2014-03-10 12:55:00.000,"353/87","79.0",161750,256040,,T7 - ALUVIÕES DO TEJO,,
2014-10-08 11:30:00.000,"353/87","82.0",161750,256040,,T7 - ALUVIÕES DO TEJO,,
2015-03-03 11:35:00.000,"353/87","87.0",161750,256040,,T7 - ALUVIÕES DO TEJO,,
2015-10-07 11:15:00.000,"353/87","99.0",161750,256040,,T7 - ALUVIÕES DO TEJO,,
2016-03-01 11:30:00.000,"353/87","110.0",161750,256040,,T7 - ALUVIÕES DO TEJO,,
2016-10-10 00:00:00.000,"353/87","100.0",161750,256040,,T7 - ALUVIÕES DO TEJO,,
2017-04-18 00:00:00.000,"353/87","100.0",161750,256040,,T7 - ALUVIÕES DO TEJO,,
2017-10-23 00:00:00.000,"353/87","98.0",161750,256040,,T7 - ALUVIÕES DO TEJO,,
2018-04-17 10:45:00.000,"353/87","99.0",161750,256040,,T7 - ALUVIÕES DO TEJO,,
2018-10-03 11:40:00.000,"353/87","97.0",161750,256040,,T7 - ALUVIÕES DO TEJO,,
2019-03-11 12:05:00.000,"353/87","100.0",161750,256040,,T7 - ALUVIÕES DO TEJO,,
2019-11-13 11:40:00.000,"353/87","100.0",161750,256040,,T7 - ALUVIÕES DO TEJO,,
2020-03-03 11:40:00.000,"353/87","100.0",161750,256040,,T7 - ALUVIÕES DO TEJO,,
2020-10-14 10:50:00.000,"353/87","100.0",161750,256040,,T7 - ALUVIÕES DO TEJO,,
2021-02-17 10:50:00.000,"353/87","110.0",161750,256040,,T7 - ALUVIÕES DO TEJO,,
2021-09-28 10:55:00.000,"353/87","110.0",161750,256040,,T7 - ALUVIÕES DO TEJO,,
2022-03-15 11:00:00.000,"353/87","110.0",161750,256040,,T7 - ALUVIÕES DO TEJO,,
2022-09-27 11:00:00.000,"353/87","110.0",161750,256040,,T7 - ALUVIÕES DO TEJO,,
2023-03-08 11:25:00.000,"353/87","120.0",161750,256040,,T7 - ALUVIÕES DO TEJO,,
2023-10-02 11:30:00.000,"353/87","110.0",161750,256040,,T7 - ALUVIÕES DO TEJO,,
2002-11-12 00:00:00.000,"364/259","0.84",147360,241900,,T7 - ALUVIÕES DO TEJO,,
2003-04-07 00:00:00.000,"364/259","0.84",147360,241900,,T7 - ALUVIÕES DO TEJO,,
2003-10-06 00:00:00.000,"364/259","0.66",147360,241900,,T7 - ALUVIÕES DO TEJO,,
2004-03-02 00:00:00.000,"364/259","0.66",147360,241900,,T7 - ALUVIÕES DO TEJO,,
2004-10-12 00:00:00.000,"364/259","5.095",147360,241900,,T7 - ALUVIÕES DO TEJO,,
2005-04-05 00:00:00.000,"364/259","0.66",147360,241900,,T7 - ALUVIÕES DO TEJO,,
2005-09-06 00:00:00.000,"364/259","0.66",147360,241900,,T7 - ALUVIÕES DO TEJO,,
2006-03-07 00:00:00.000,"364/259","0.66",147360,241900,,T7 - ALUVIÕES DO TEJO,,
2006-09-05 00:00:00.000,"364/259","0.65",147360,241900,,T7 - ALUVIÕES DO TEJO,,
2007-05-07 00:00:00.000,"364/259","0.84",147360,241900,,T7 - ALUVIÕES DO TEJO,,
2007-09-20 00:00:00.000,"364/259","0.82",147360,241900,,T7 - ALUVIÕES DO TEJO,,
2008-03-03 00:00:00.000,"364/259","0.84",147360,241900,,T7 - ALUVIÕES DO TEJO,,
2008-09-22 00:00:00.000,"364/259","0.84",147360,241900,,T7 - ALUVIÕES DO TEJO,,
2009-03-24 00:00:00.000,"364/259",(e<)0.886,147360,241900,,T7 - ALUVIÕES DO TEJO,,
2009-10-27 00:00:00.000,"364/259",(e<)0.886,147360,241900,,T7 - ALUVIÕES DO TEJO,,
2010-07-12 14:50:00.000,"364/259",(<)2.000,147360,241900,,T7 - ALUVIÕES DO TEJO,,
2012-11-15 10:45:00.000,"364/259","3.9",147360,241900,,T7 - ALUVIÕES DO TEJO,,
2013-03-13 10:00:00.000,"364/259","7.0",147360,241900,,T7 - ALUVIÕES DO TEJO,,
2013-11-22 10:45:00.000,"364/259",(<)2.000,147360,241900,,T7 - ALUVIÕES DO TEJO,,
2014-04-02 11:25:00.000,"364/259","9.7",147360,241900,,T7 - ALUVIÕES DO TEJO,,
2014-10-13 11:55:00.000,"364/259",(<)0.890,147360,241900,,T7 - ALUVIÕES DO TEJO,,
2015-03-03 11:45:00.000,"364/259","2.3",147360,241900,,T7 - ALUVIÕES DO TEJO,,
2015-10-12 12:10:00.000,"364/259","0.87",147360,241900,,T7 - ALUVIÕES DO TEJO,,
2016-03-02 11:20:00.000,"364/259","6.6",147360,241900,,T7 - ALUVIÕES DO TEJO,,
2016-10-03 12:30:00.000,"364/259",(<)0.890,147360,241900,,T7 - ALUVIÕES DO TEJO,,
2017-03-06 12:10:00.000,"364/259","1.7",147360,241900,,T7 - ALUVIÕES DO TEJO,,
2017-09-18 12:30:00.000,"364/259","2.2",147360,241900,,T7 - ALUVIÕES DO TEJO,,
2018-05-08 12:30:00.000,"364/259","5.1",147360,241900,,T7 - ALUVIÕES DO TEJO,,
2019-03-07 12:45:00.000,"364/259","10.0",147360,241900,,T7 - ALUVIÕES DO TEJO,,
2019-10-07 11:45:00.000,"364/259",(<)0.890,147360,241900,,T7 - ALUVIÕES DO TEJO,,
2020-03-03 12:10:00.000,"364/259",(<)0.890,147360,241900,,T7 - ALUVIÕES DO TEJO,,
2021-03-01 12:50:00.000,"364/259","2.3",147360,241900,,T7 - ALUVIÕES DO TEJO,,
2006-03-07 00:00:00.000,"364/297","0.66",149575,244005,,T7 - ALUVIÕES DO TEJO,,VILA CHÃ DE OURIQUE
2006-09-05 00:00:00.000,"364/297","1.49",149575,244005,,T7 - ALUVIÕES DO TEJO,,VILA CHÃ DE OURIQUE
2007-03-15 00:00:00.000,"364/297","0.84",149575,244005,,T7 - ALUVIÕES DO TEJO,,VILA CHÃ DE OURIQUE
2007-09-20 00:00:00.000,"364/297","0.84",149575,244005,,T7 - ALUVIÕES DO TEJO,,VILA CHÃ DE OURIQUE
2008-03-03 00:00:00.000,"364/297","0.84",149575,244005,,T7 - ALUVIÕES DO TEJO,,VILA CHÃ DE OURIQUE
2008-09-22 00:00:00.000,"364/297","0.84",149575,244005,,T7 - ALUVIÕES DO TEJO,,VILA CHÃ DE OURIQUE
2009-03-24 00:00:00.000,"364/297",(e<)0.886,149575,244005,,T7 - ALUVIÕES DO TEJO,,VILA CHÃ DE OURIQUE
2011-04-12 00:00:00.000,"364/297",(<)2.000,149575,244005,,T7 - ALUVIÕES DO TEJO,,VILA CHÃ DE OURIQUE
2013-03-13 11:15:00.000,"364/297",(<)0.890,149575,244005,,T7 - ALUVIÕES DO TEJO,,VILA CHÃ DE OURIQUE
2013-11-22 10:15:00.000,"364/297",(<)2.000,149575,244005,,T7 - ALUVIÕES DO TEJO,,VILA CHÃ DE OURIQUE
2014-04-02 11:10:00.000,"364/297",(<)0.890,149575,244005,,T7 - ALUVIÕES DO TEJO,,VILA CHÃ DE OURIQUE
2015-10-12 12:30:00.000,"364/297",(<)0.890,149575,244005,,T7 - ALUVIÕES DO TEJO,,VILA CHÃ DE OURIQUE
2016-03-02 11:35:00.000,"364/297",(<)0.890,149575,244005,,T7 - ALUVIÕES DO TEJO,,VILA CHÃ DE OURIQUE
2016-10-03 12:10:00.000,"364/297",(<)0.890,149575,244005,,T7 - ALUVIÕES DO TEJO,,VILA CHÃ DE OURIQUE
2017-03-06 11:45:00.000,"364/297",(<)0.890,149575,244005,,T7 - ALUVIÕES DO TEJO,,VILA CHÃ DE OURIQUE
2017-09-18 12:00:00.000,"364/297","1.1",149575,244005,,T7 - ALUVIÕES DO TEJO,,VILA CHÃ DE OURIQUE
2018-05-08 12:15:00.000,"364/297",(<)0.890,149575,244005,,T7 - ALUVIÕES DO TEJO,,VILA CHÃ DE OURIQUE
2018-10-03 12:10:00.000,"364/297",(<)0.890,149575,244005,,T7 - ALUVIÕES DO TEJO,,VILA CHÃ DE OURIQUE
2019-03-07 12:20:00.000,"364/297",(<)0.890,149575,244005,,T7 - ALUVIÕES DO TEJO,,VILA CHÃ DE OURIQUE
2019-10-07 11:35:00.000,"364/297",(<)0.890,149575,244005,,T7 - ALUVIÕES DO TEJO,,VILA CHÃ DE OURIQUE
2020-03-03 11:45:00.000,"364/297","1.4",149575,244005,,T7 - ALUVIÕES DO TEJO,,VILA CHÃ DE OURIQUE
2020-09-30 11:40:00.000,"364/297",(<)0.890,149575,244005,,T7 - ALUVIÕES DO TEJO,,VILA CHÃ DE OURIQUE
2021-03-01 12:35:00.000,"364/297",(<)0.890,149575,244005,,T7 - ALUVIÕES DO TEJO,,VILA CHÃ DE OURIQUE
2021-11-22 11:25:00.000,"364/297",(<)0.890,149575,244005,,T7 - ALUVIÕES DO TEJO,,VILA CHÃ DE OURIQUE
2022-09-26 11:45:00.000,"364/297",(<)0.890,149575,244005,,T7 - ALUVIÕES DO TEJO,,VILA CHÃ DE OURIQUE
2002-10-29 00:00:00.000,"365/15","0.84",152850,241950,,T7 - ALUVIÕES DO TEJO,EM SERVIÇO,BENFICA DO RIBATEJO
2003-04-07 00:00:00.000,"365/15","1.99",152850,241950,,T7 - ALUVIÕES DO TEJO,EM SERVIÇO,BENFICA DO RIBATEJO
2003-10-06 00:00:00.000,"365/15","3.46",152850,241950,,T7 - ALUVIÕES DO TEJO,EM SERVIÇO,BENFICA DO RIBATEJO
2004-03-01 00:00:00.000,"365/15","5.27",152850,241950,,T7 - ALUVIÕES DO TEJO,EM SERVIÇO,BENFICA DO RIBATEJO
2004-10-11 00:00:00.000,"365/15","1.8",152850,241950,,T7 - ALUVIÕES DO TEJO,EM SERVIÇO,BENFICA DO RIBATEJO
2005-04-04 00:00:00.000,"365/15","1.2",152850,241950,,T7 - ALUVIÕES DO TEJO,EM SERVIÇO,BENFICA DO RIBATEJO
2005-09-05 00:00:00.000,"365/15","1.2",152850,241950,,T7 - ALUVIÕES DO TEJO,EM SERVIÇO,BENFICA DO RIBATEJO
2006-03-06 00:00:00.000,"365/15","1.42",152850,241950,,T7 - ALUVIÕES DO TEJO,EM SERVIÇO,BENFICA DO RIBATEJO
2006-09-04 00:00:00.000,"365/15","26.98",152850,241950,,T7 - ALUVIÕES DO TEJO,EM SERVIÇO,BENFICA DO RIBATEJO
2007-03-12 00:00:00.000,"365/15","23.88",152850,241950,,T7 - ALUVIÕES DO TEJO,EM SERVIÇO,BENFICA DO RIBATEJO
2007-09-17 00:00:00.000,"365/15","26.98",152850,241950,,T7 - ALUVIÕES DO TEJO,EM SERVIÇO,BENFICA DO RIBATEJO
2008-03-06 00:00:00.000,"365/15","25.65",152850,241950,,T7 - ALUVIÕES DO TEJO,EM SERVIÇO,BENFICA DO RIBATEJO
2008-09-25 00:00:00.000,"365/15","22.99",152850,241950,,T7 - ALUVIÕES DO TEJO,EM SERVIÇO,BENFICA DO RIBATEJO
2009-06-29 00:00:00.000,"365/15","25.0",152850,241950,,T7 - ALUVIÕES DO TEJO,EM SERVIÇO,BENFICA DO RIBATEJO
2009-10-26 00:00:00.000,"365/15",(e<)0.886,152850,241950,,T7 - ALUVIÕES DO TEJO,EM SERVIÇO,BENFICA DO RIBATEJO
2010-07-14 10:15:00.000,"365/15","4.0",152850,241950,,T7 - ALUVIÕES DO TEJO,EM SERVIÇO,BENFICA DO RIBATEJO
2011-02-14 16:00:00.000,"365/15","19.0",152850,241950,,T7 - ALUVIÕES DO TEJO,EM SERVIÇO,BENFICA DO RIBATEJO
2012-11-12 09:30:00.000,"365/15",(<)0.890,152850,241950,,T7 - ALUVIÕES DO TEJO,EM SERVIÇO,BENFICA DO RIBATEJO
2013-03-11 09:40:00.000,"365/15","1.2",152850,241950,,T7 - ALUVIÕES DO TEJO,EM SERVIÇO,BENFICA DO RIBATEJO
2013-11-18 14:15:00.000,"365/15",(<)2.000,152850,241950,,T7 - ALUVIÕES DO TEJO,EM SERVIÇO,BENFICA DO RIBATEJO
2014-03-10 09:30:00.000,"365/15","1.4",152850,241950,,T7 - ALUVIÕES DO TEJO,EM SERVIÇO,BENFICA DO RIBATEJO
2014-10-08 09:10:00.000,"365/15","36.0",152850,241950,,T7 - ALUVIÕES DO TEJO,EM SERVIÇO,BENFICA DO RIBATEJO
2015-03-03 09:10:00.000,"365/15","2.0",152850,241950,,T7 - ALUVIÕES DO TEJO,EM SERVIÇO,BENFICA DO RIBATEJO
2015-10-07 09:05:00.000,"365/15","51.0",152850,241950,,T7 - ALUVIÕES DO TEJO,EM SERVIÇO,BENFICA DO RIBATEJO
2014-04-02 10:30:00.000,"377/262",(<)0.890,144300,234550,,T7 - ALUVIÕES DO TEJO,,
2016-03-01 09:15:00.000,"365/15","3.9",152850,241950,,T7 - ALUVIÕES DO TEJO,EM SERVIÇO,BENFICA DO RIBATEJO
2016-10-10 09:15:00.000,"365/15","7.6",152850,241950,,T7 - ALUVIÕES DO TEJO,EM SERVIÇO,BENFICA DO RIBATEJO
2017-04-18 09:05:00.000,"365/15","7.9",152850,241950,,T7 - ALUVIÕES DO TEJO,EM SERVIÇO,BENFICA DO RIBATEJO
2017-10-23 10:00:00.000,"365/15","6.5",152850,241950,,T7 - ALUVIÕES DO TEJO,EM SERVIÇO,BENFICA DO RIBATEJO
2018-10-03 09:10:00.000,"365/15","3.9",152850,241950,,T7 - ALUVIÕES DO TEJO,EM SERVIÇO,BENFICA DO RIBATEJO
2019-03-11 09:15:00.000,"365/15","1.8",152850,241950,,T7 - ALUVIÕES DO TEJO,EM SERVIÇO,BENFICA DO RIBATEJO
2019-11-13 09:20:00.000,"365/15","35.0",152850,241950,,T7 - ALUVIÕES DO TEJO,EM SERVIÇO,BENFICA DO RIBATEJO
2020-03-03 09:35:00.000,"365/15","3.5",152850,241950,,T7 - ALUVIÕES DO TEJO,EM SERVIÇO,BENFICA DO RIBATEJO
2020-10-14 09:25:00.000,"365/15","46.0",152850,241950,,T7 - ALUVIÕES DO TEJO,EM SERVIÇO,BENFICA DO RIBATEJO
2021-02-17 09:15:00.000,"365/15","2.6",152850,241950,,T7 - ALUVIÕES DO TEJO,EM SERVIÇO,BENFICA DO RIBATEJO
2021-09-28 09:10:00.000,"365/15","11.0",152850,241950,,T7 - ALUVIÕES DO TEJO,EM SERVIÇO,BENFICA DO RIBATEJO
2022-03-15 09:20:00.000,"365/15","1.9",152850,241950,,T7 - ALUVIÕES DO TEJO,EM SERVIÇO,BENFICA DO RIBATEJO
2022-09-27 09:25:00.000,"365/15","12.0",152850,241950,,T7 - ALUVIÕES DO TEJO,EM SERVIÇO,BENFICA DO RIBATEJO
2023-03-08 09:15:00.000,"365/15","3.7",152850,241950,,T7 - ALUVIÕES DO TEJO,EM SERVIÇO,BENFICA DO RIBATEJO
2023-10-02 09:10:00.000,"365/15","25.0",152850,241950,,T7 - ALUVIÕES DO TEJO,EM SERVIÇO,BENFICA DO RIBATEJO
2002-10-29 00:00:00.000,"365/470","85.94",154350,245140,,T7 - ALUVIÕES DO TEJO,,
2003-04-07 00:00:00.000,"365/470","33.98",154350,245140,,T7 - ALUVIÕES DO TEJO,,
2003-10-07 00:00:00.000,"365/470","37.0",154350,245140,,T7 - ALUVIÕES DO TEJO,,
2004-10-11 00:00:00.000,"365/470","38.497",154350,245140,,T7 - ALUVIÕES DO TEJO,,
2005-04-04 00:00:00.000,"365/470","44.26",154350,245140,,T7 - ALUVIÕES DO TEJO,,
2005-09-05 00:00:00.000,"365/470","36.28",154350,245140,,T7 - ALUVIÕES DO TEJO,,
2006-03-06 00:00:00.000,"365/470","84.13",154350,245140,,T7 - ALUVIÕES DO TEJO,,
2006-09-04 00:00:00.000,"365/470","101.85",154350,245140,,T7 - ALUVIÕES DO TEJO,,
2007-03-12 00:00:00.000,"365/470","54.0",154350,245140,,T7 - ALUVIÕES DO TEJO,,
2008-03-26 00:00:00.000,"365/470","53.12",154350,245140,,T7 - ALUVIÕES DO TEJO,,
2009-03-23 00:00:00.000,"365/470","75.31",154350,245140,,T7 - ALUVIÕES DO TEJO,,
2009-10-29 00:00:00.000,"365/470","57.59",154350,245140,,T7 - ALUVIÕES DO TEJO,,
2010-07-14 11:40:00.000,"365/470","92.0",154350,245140,,T7 - ALUVIÕES DO TEJO,,
2011-02-14 14:05:00.000,"365/470","53.0",154350,245140,,T7 - ALUVIÕES DO TEJO,,
2012-11-12 09:15:00.000,"365/470","76.0",154350,245140,,T7 - ALUVIÕES DO TEJO,,
2013-03-11 08:40:00.000,"365/470","59.0",154350,245140,,T7 - ALUVIÕES DO TEJO,,
2013-11-18 14:00:00.000,"365/470","78.0",154350,245140,,T7 - ALUVIÕES DO TEJO,,
2014-03-10 11:45:00.000,"365/470","23.0",154350,245140,,T7 - ALUVIÕES DO TEJO,,
2014-10-08 08:50:00.000,"365/470","78.0",154350,245140,,T7 - ALUVIÕES DO TEJO,,
2015-03-03 08:50:00.000,"365/470","57.0",154350,245140,,T7 - ALUVIÕES DO TEJO,,
2015-10-07 08:45:00.000,"365/470","73.0",154350,245140,,T7 - ALUVIÕES DO TEJO,,
2016-03-01 08:35:00.000,"365/470","69.0",154350,245140,,T7 - ALUVIÕES DO TEJO,,
2016-10-10 00:00:00.000,"365/470","86.0",154350,245140,,T7 - ALUVIÕES DO TEJO,,
2017-04-18 00:00:00.000,"365/470","67.0",154350,245140,,T7 - ALUVIÕES DO TEJO,,
2017-10-23 00:00:00.000,"365/470","74.0",154350,245140,,T7 - ALUVIÕES DO TEJO,,
2018-04-17 08:35:00.000,"365/470","69.0",154350,245140,,T7 - ALUVIÕES DO TEJO,,
2018-10-03 08:50:00.000,"365/470","62.0",154350,245140,,T7 - ALUVIÕES DO TEJO,,
2019-03-11 09:00:00.000,"365/470","67.0",154350,245140,,T7 - ALUVIÕES DO TEJO,,
2019-11-13 08:55:00.000,"365/470","66.0",154350,245140,,T7 - ALUVIÕES DO TEJO,,
2020-03-03 09:00:00.000,"365/470","75.0",154350,245140,,T7 - ALUVIÕES DO TEJO,,
2020-10-14 09:05:00.000,"365/470","81.0",154350,245140,,T7 - ALUVIÕES DO TEJO,,
2021-02-17 08:50:00.000,"365/470","81.0",154350,245140,,T7 - ALUVIÕES DO TEJO,,
2021-09-28 08:55:00.000,"365/470","77.0",154350,245140,,T7 - ALUVIÕES DO TEJO,,
2022-03-15 08:45:00.000,"365/470","86.0",154350,245140,,T7 - ALUVIÕES DO TEJO,,
2022-09-27 11:35:00.000,"365/470","91.0",154350,245140,,T7 - ALUVIÕES DO TEJO,,
2023-03-08 09:00:00.000,"365/470","130.0",154350,245140,,T7 - ALUVIÕES DO TEJO,,
2023-10-02 08:45:00.000,"365/470","89.0",154350,245140,,T7 - ALUVIÕES DO TEJO,,
2002-11-12 00:00:00.000,"377/262","0.8",144300,234550,,T7 - ALUVIÕES DO TEJO,,
2003-04-07 00:00:00.000,"377/262","0.8",144300,234550,,T7 - ALUVIÕES DO TEJO,,
2003-10-06 00:00:00.000,"377/262","0.66",144300,234550,,T7 - ALUVIÕES DO TEJO,,
2004-03-02 00:00:00.000,"377/262","0.4",144300,234550,,T7 - ALUVIÕES DO TEJO,,
2004-10-12 00:00:00.000,"377/262","0.664",144300,234550,,T7 - ALUVIÕES DO TEJO,,
2005-04-05 00:00:00.000,"377/262","0.62",144300,234550,,T7 - ALUVIÕES DO TEJO,,
2005-09-06 00:00:00.000,"377/262","0.66",144300,234550,,T7 - ALUVIÕES DO TEJO,,
2006-03-07 00:00:00.000,"377/262","0.22",144300,234550,,T7 - ALUVIÕES DO TEJO,,
2006-09-05 00:00:00.000,"377/262","0.59",144300,234550,,T7 - ALUVIÕES DO TEJO,,
2007-03-15 00:00:00.000,"377/262","0.51",144300,234550,,T7 - ALUVIÕES DO TEJO,,
2007-09-20 00:00:00.000,"377/262","0.84",144300,234550,,T7 - ALUVIÕES DO TEJO,,
2008-03-03 00:00:00.000,"377/262","0.74",144300,234550,,T7 - ALUVIÕES DO TEJO,,
2008-09-22 00:00:00.000,"377/262","0.84",144300,234550,,T7 - ALUVIÕES DO TEJO,,
2009-03-24 00:00:00.000,"377/262",(e<)0.886,144300,234550,,T7 - ALUVIÕES DO TEJO,,
2010-07-12 15:15:00.000,"377/262",(<)2.000,144300,234550,,T7 - ALUVIÕES DO TEJO,,
2011-04-12 00:00:00.000,"377/262",(<)2.000,144300,234550,,T7 - ALUVIÕES DO TEJO,,
2012-11-15 12:00:00.000,"377/262",(<)0.890,144300,234550,,T7 - ALUVIÕES DO TEJO,,
2013-03-13 11:50:00.000,"377/262","1.4",144300,234550,,T7 - ALUVIÕES DO TEJO,,
2013-11-22 00:00:00.000,"377/262",(<)2.000,144300,234550,,T7 - ALUVIÕES DO TEJO,,
2014-10-13 11:15:00.000,"377/262",(<)0.890,144300,234550,,T7 - ALUVIÕES DO TEJO,,
2015-03-03 11:05:00.000,"377/262",(<)0.890,144300,234550,,T7 - ALUVIÕES DO TEJO,,
2015-10-12 11:25:00.000,"377/262",(<)0.890,144300,234550,,T7 - ALUVIÕES DO TEJO,,
2016-03-02 10:50:00.000,"377/262","1.1",144300,234550,,T7 - ALUVIÕES DO TEJO,,
2016-10-03 11:15:00.000,"377/262",(<)0.890,144300,234550,,T7 - ALUVIÕES DO TEJO,,
2017-03-06 11:15:00.000,"377/262","2.1",144300,234550,,T7 - ALUVIÕES DO TEJO,,
2017-09-18 11:15:00.000,"377/262",(<)0.890,144300,234550,,T7 - ALUVIÕES DO TEJO,,
2018-05-08 11:20:00.000,"377/262","1.2",144300,234550,,T7 - ALUVIÕES DO TEJO,,
2018-10-03 11:30:00.000,"377/262","4.9",144300,234550,,T7 - ALUVIÕES DO TEJO,,
2002-11-12 00:00:00.000,"377/264","0.84",147040,237470,,T7 - ALUVIÕES DO TEJO,,
2003-04-07 00:00:00.000,"377/264","0.84",147040,237470,,T7 - ALUVIÕES DO TEJO,,
2003-10-06 00:00:00.000,"377/264","0.66",147040,237470,,T7 - ALUVIÕES DO TEJO,,
2004-03-02 00:00:00.000,"377/264","0.66",147040,237470,,T7 - ALUVIÕES DO TEJO,,
2004-10-12 00:00:00.000,"377/264","0.664",147040,237470,,T7 - ALUVIÕES DO TEJO,,
2005-04-05 00:00:00.000,"377/264","0.66",147040,237470,,T7 - ALUVIÕES DO TEJO,,
2005-09-06 00:00:00.000,"377/264","0.66",147040,237470,,T7 - ALUVIÕES DO TEJO,,
2006-03-07 00:00:00.000,"377/264","0.66",147040,237470,,T7 - ALUVIÕES DO TEJO,,
2006-09-05 00:00:00.000,"377/264","0.66",147040,237470,,T7 - ALUVIÕES DO TEJO,,
2007-03-15 00:00:00.000,"377/264","0.84",147040,237470,,T7 - ALUVIÕES DO TEJO,,
2007-09-20 00:00:00.000,"377/264","0.83",147040,237470,,T7 - ALUVIÕES DO TEJO,,
2008-03-03 00:00:00.000,"377/264","0.84",147040,237470,,T7 - ALUVIÕES DO TEJO,,
2008-09-22 00:00:00.000,"377/264","0.84",147040,237470,,T7 - ALUVIÕES DO TEJO,,
2009-03-24 00:00:00.000,"377/264",(e<)0.886,147040,237470,,T7 - ALUVIÕES DO TEJO,,
2009-10-27 00:00:00.000,"377/264",(e<)0.886,147040,237470,,T7 - ALUVIÕES DO TEJO,,
2010-07-12 15:05:00.000,"377/264",(<)2.000,147040,237470,,T7 - ALUVIÕES DO TEJO,,
2012-11-15 11:35:00.000,"377/264",(<)0.890,147040,237470,,T7 - ALUVIÕES DO TEJO,,
2014-04-02 10:50:00.000,"377/264",(<)0.890,147040,237470,,T7 - ALUVIÕES DO TEJO,,
2017-09-18 11:35:00.000,"377/264",(<)0.890,147040,237470,,T7 - ALUVIÕES DO TEJO,,
2018-05-08 11:30:00.000,"377/264",(<)0.890,147040,237470,,T7 - ALUVIÕES DO TEJO,,
2019-10-07 12:10:00.000,"377/264",(<)0.890,147040,237470,,T7 - ALUVIÕES DO TEJO,,
2021-03-01 12:05:00.000,"377/264",(<)0.890,147040,237470,,T7 - ALUVIÕES DO TEJO,,
2022-03-22 10:55:00.000,"377/264","6.2",147040,237470,,T7 - ALUVIÕES DO TEJO,,
2023-03-28 11:15:00.000,"377/264",(<)0.890,147040,237470,,T7 - ALUVIÕES DO TEJO,,
2023-10-23 11:05:00.000,"377/264","1.6",147040,237470,,T7 - ALUVIÕES DO TEJO,,
2010-07-12 12:55:00.000,"377/287",(<)2.000,146752,239462,"0",T7 - ALUVIÕES DO TEJO,,VALADA
2000-03-27 00:00:00.000,"377/94","2.33",148399,234273,"23",T7 - ALUVIÕES DO TEJO,,MUGE
2000-10-16 00:00:00.000,"377/94","8.28",148399,234273,"23",T7 - ALUVIÕES DO TEJO,,MUGE
2002-04-08 00:00:00.000,"377/94","6.42",148399,234273,"23",T7 - ALUVIÕES DO TEJO,,MUGE
2002-10-14 00:00:00.000,"377/94","13.17",148399,234273,"23",T7 - ALUVIÕES DO TEJO,,MUGE
2003-04-08 00:00:00.000,"377/94","26.35",148399,234273,"23",T7 - ALUVIÕES DO TEJO,,MUGE
2004-04-06 00:00:00.000,"377/94","7.93",148399,234273,"23",T7 - ALUVIÕES DO TEJO,,MUGE
2004-10-11 00:00:00.000,"377/94","12.0",148399,234273,"23",T7 - ALUVIÕES DO TEJO,,MUGE
2005-05-03 00:00:00.000,"377/94","6.9",148399,234273,"23",T7 - ALUVIÕES DO TEJO,,MUGE
2005-11-03 00:00:00.000,"377/94","0.49",148399,234273,"23",T7 - ALUVIÕES DO TEJO,,MUGE
2006-04-10 00:00:00.000,"377/94","1.0",148399,234273,"23",T7 - ALUVIÕES DO TEJO,,MUGE
2006-10-24 00:00:00.000,"377/94","4.3",148399,234273,"23",T7 - ALUVIÕES DO TEJO,,MUGE
2007-03-20 00:00:00.000,"377/94","15.0",148399,234273,"23",T7 - ALUVIÕES DO TEJO,,MUGE
2007-11-15 00:00:00.000,"377/94","3.5",148399,234273,"23",T7 - ALUVIÕES DO TEJO,,MUGE
2008-04-14 00:00:00.000,"377/94","17.0",148399,234273,"23",T7 - ALUVIÕES DO TEJO,,MUGE
2008-10-29 00:00:00.000,"377/94","8.5",148399,234273,"23",T7 - ALUVIÕES DO TEJO,,MUGE
2009-04-27 00:00:00.000,"377/94","38.0",148399,234273,"23",T7 - ALUVIÕES DO TEJO,,MUGE
2009-09-23 00:00:00.000,"377/94","23.0",148399,234273,"23",T7 - ALUVIÕES DO TEJO,,MUGE
2010-07-12 12:15:00.000,"377/94","60.0",148399,234273,"23",T7 - ALUVIÕES DO TEJO,,MUGE
2011-03-29 08:55:00.000,"377/94",(<)2.000,148399,234273,"23",T7 - ALUVIÕES DO TEJO,,MUGE
2013-04-08 12:35:00.000,"377/94","4.5",148399,234273,"23",T7 - ALUVIÕES DO TEJO,,MUGE
2013-12-11 16:00:00.000,"377/94","77.0",148399,234273,"23",T7 - ALUVIÕES DO TEJO,,MUGE
2014-04-09 11:00:00.000,"377/94","2.3",148399,234273,"23",T7 - ALUVIÕES DO TEJO,,MUGE
2014-10-21 11:20:00.000,"377/94","7.5",148399,234273,"23",T7 - ALUVIÕES DO TEJO,,MUGE
2015-04-07 11:45:00.000,"377/94","2.2",148399,234273,"23",T7 - ALUVIÕES DO TEJO,,MUGE
2015-11-02 10:45:00.000,"377/94","1.9",148399,234273,"23",T7 - ALUVIÕES DO TEJO,,MUGE
2016-04-19 11:00:00.000,"377/94","2.8",148399,234273,"23",T7 - ALUVIÕES DO TEJO,,MUGE
2016-11-21 10:50:00.000,"377/94","9.8",148399,234273,"23",T7 - ALUVIÕES DO TEJO,,MUGE
2017-03-23 11:30:00.000,"377/94","57.0",148399,234273,"23",T7 - ALUVIÕES DO TEJO,,MUGE
2018-04-23 11:15:00.000,"377/94","110.0",148399,234273,"23",T7 - ALUVIÕES DO TEJO,,MUGE
2018-10-08 11:45:00.000,"377/94","130.0",148399,234273,"23",T7 - ALUVIÕES DO TEJO,,MUGE
2019-04-03 12:50:00.000,"377/94","100.0",148399,234273,"23",T7 - ALUVIÕES DO TEJO,,MUGE
2019-10-03 12:05:00.000,"377/94","220.0",148399,234273,"23",T7 - ALUVIÕES DO TEJO,,MUGE
2020-09-23 11:05:00.000,"377/94","240.0",148399,234273,"23",T7 - ALUVIÕES DO TEJO,,MUGE
2021-03-03 11:20:00.000,"377/94","58.0",148399,234273,"23",T7 - ALUVIÕES DO TEJO,,MUGE
2021-10-12 11:30:00.000,"377/94","90.0",148399,234273,"23",T7 - ALUVIÕES DO TEJO,,MUGE
2022-03-28 11:05:00.000,"377/94","88.0",148399,234273,"23",T7 - ALUVIÕES DO TEJO,,MUGE
2022-10-13 11:30:00.000,"377/94","140.0",148399,234273,"23",T7 - ALUVIÕES DO TEJO,,MUGE
2023-04-12 00:00:00.000,"377/94","97.0",148399,234273,"23",T7 - ALUVIÕES DO TEJO,,MUGE
2023-09-25 10:50:00.000,"377/94","88.0",148399,234273,"23",T7 - ALUVIÕES DO TEJO,,MUGE
2000-03-13 00:00:00.000,"391/244","20.33",145970,223500,"10",T7 - ALUVIÕES DO TEJO,,BENAVENTE
2000-10-02 00:00:00.000,"391/244","18.21",145970,223500,"10",T7 - ALUVIÕES DO TEJO,,BENAVENTE
2001-03-05 00:00:00.000,"391/244","5.45",145970,223500,"10",T7 - ALUVIÕES DO TEJO,,BENAVENTE
2001-10-22 00:00:00.000,"391/244","24.14",145970,223500,"10",T7 - ALUVIÕES DO TEJO,,BENAVENTE
2002-03-04 00:00:00.000,"391/244","15.99",145970,223500,"10",T7 - ALUVIÕES DO TEJO,,BENAVENTE
2002-10-28 00:00:00.000,"391/244","23.66",145970,223500,"10",T7 - ALUVIÕES DO TEJO,,BENAVENTE
2003-03-10 00:00:00.000,"391/244","8.18",145970,223500,"10",T7 - ALUVIÕES DO TEJO,,BENAVENTE
2004-03-01 00:00:00.000,"391/244","12.36",145970,223500,"10",T7 - ALUVIÕES DO TEJO,,BENAVENTE
2004-10-06 00:00:00.000,"391/244","26.979",145970,223500,"10",T7 - ALUVIÕES DO TEJO,,BENAVENTE
2005-04-06 00:00:00.000,"391/244","25.21",145970,223500,"10",T7 - ALUVIÕES DO TEJO,,BENAVENTE
2005-10-11 00:00:00.000,"391/244","15.02",145970,223500,"10",T7 - ALUVIÕES DO TEJO,,BENAVENTE
2006-03-20 00:00:00.000,"391/244","7.3",145970,223500,"10",T7 - ALUVIÕES DO TEJO,,BENAVENTE
2006-10-11 00:00:00.000,"391/244","16.79",145970,223500,"10",T7 - ALUVIÕES DO TEJO,,BENAVENTE
2007-03-28 00:00:00.000,"391/244","7.49",145970,223500,"10",T7 - ALUVIÕES DO TEJO,,BENAVENTE
2007-11-05 00:00:00.000,"391/244","22.99",145970,223500,"10",T7 - ALUVIÕES DO TEJO,,BENAVENTE
2008-04-03 00:00:00.000,"391/244","20.78",145970,223500,"10",T7 - ALUVIÕES DO TEJO,,BENAVENTE
2008-10-20 00:00:00.000,"391/244","12.36",145970,223500,"10",T7 - ALUVIÕES DO TEJO,,BENAVENTE
2009-04-20 00:00:00.000,"391/244","11.075",145970,223500,"10",T7 - ALUVIÕES DO TEJO,,BENAVENTE
2009-09-22 00:00:00.000,"391/244","11.075",145970,223500,"10",T7 - ALUVIÕES DO TEJO,,BENAVENTE
2010-06-22 10:30:00.000,"391/244","16.0",145970,223500,"10",T7 - ALUVIÕES DO TEJO,,BENAVENTE
2011-03-29 11:00:00.000,"391/244","6.0",145970,223500,"10",T7 - ALUVIÕES DO TEJO,,BENAVENTE
2000-03-27 00:00:00.000,"391/33","41.55",146740,226240,"25",T7 - ALUVIÕES DO TEJO,,FOROS DE SALVATERRA
2000-10-16 00:00:00.000,"391/33","79.0",146740,226240,"25",T7 - ALUVIÕES DO TEJO,,FOROS DE SALVATERRA
2001-04-16 00:00:00.000,"391/33","131.57",146740,226240,"25",T7 - ALUVIÕES DO TEJO,,FOROS DE SALVATERRA
2002-04-08 00:00:00.000,"391/33","39.08",146740,226240,"25",T7 - ALUVIÕES DO TEJO,,FOROS DE SALVATERRA
2002-10-22 00:00:00.000,"391/33","86.31",146740,226240,"25",T7 - ALUVIÕES DO TEJO,,FOROS DE SALVATERRA
2003-11-10 00:00:00.000,"391/33","46.0",146740,226240,"25",T7 - ALUVIÕES DO TEJO,,FOROS DE SALVATERRA
2004-04-06 00:00:00.000,"391/33","74.0",146740,226240,"25",T7 - ALUVIÕES DO TEJO,,FOROS DE SALVATERRA
2005-05-03 00:00:00.000,"391/33","63.0",146740,226240,"25",T7 - ALUVIÕES DO TEJO,,FOROS DE SALVATERRA
2005-11-03 00:00:00.000,"391/33","49.0",146740,226240,"25",T7 - ALUVIÕES DO TEJO,,FOROS DE SALVATERRA
2006-04-10 00:00:00.000,"391/33","67.0",146740,226240,"25",T7 - ALUVIÕES DO TEJO,,FOROS DE SALVATERRA
2006-10-24 00:00:00.000,"391/33","19.0",146740,226240,"25",T7 - ALUVIÕES DO TEJO,,FOROS DE SALVATERRA
2007-03-20 00:00:00.000,"391/33","75.0",146740,226240,"25",T7 - ALUVIÕES DO TEJO,,FOROS DE SALVATERRA
2007-11-15 00:00:00.000,"391/33","32.0",146740,226240,"25",T7 - ALUVIÕES DO TEJO,,FOROS DE SALVATERRA
2008-04-14 00:00:00.000,"391/33","39.0",146740,226240,"25",T7 - ALUVIÕES DO TEJO,,FOROS DE SALVATERRA
2008-10-29 00:00:00.000,"391/33","30.0",146740,226240,"25",T7 - ALUVIÕES DO TEJO,,FOROS DE SALVATERRA
2009-04-27 00:00:00.000,"391/33","41.0",146740,226240,"25",T7 - ALUVIÕES DO TEJO,,FOROS DE SALVATERRA
2009-09-23 00:00:00.000,"391/33","39.0",146740,226240,"25",T7 - ALUVIÕES DO TEJO,,FOROS DE SALVATERRA
2010-07-12 13:45:00.000,"391/33","56.0",146740,226240,"25",T7 - ALUVIÕES DO TEJO,,FOROS DE SALVATERRA
2013-04-08 11:30:00.000,"391/33","55.0",146740,226240,"25",T7 - ALUVIÕES DO TEJO,,FOROS DE SALVATERRA
2013-11-22 14:50:00.000,"391/33","25.0",146740,226240,"25",T7 - ALUVIÕES DO TEJO,,FOROS DE SALVATERRA
2014-04-09 10:05:00.000,"391/33","28.0",146740,226240,"25",T7 - ALUVIÕES DO TEJO,,FOROS DE SALVATERRA
2014-10-21 10:45:00.000,"391/33","12.0",146740,226240,"25",T7 - ALUVIÕES DO TEJO,,FOROS DE SALVATERRA
2015-04-07 11:00:00.000,"391/33","9.0",146740,226240,"25",T7 - ALUVIÕES DO TEJO,,FOROS DE SALVATERRA
2015-11-02 11:20:00.000,"391/33","8.8",146740,226240,"25",T7 - ALUVIÕES DO TEJO,,FOROS DE SALVATERRA
2016-04-19 11:55:00.000,"391/33","34.0",146740,226240,"25",T7 - ALUVIÕES DO TEJO,,FOROS DE SALVATERRA
2016-11-21 12:00:00.000,"391/33","8.7",146740,226240,"25",T7 - ALUVIÕES DO TEJO,,FOROS DE SALVATERRA
2017-03-23 10:40:00.000,"391/33","31.0",146740,226240,"25",T7 - ALUVIÕES DO TEJO,,FOROS DE SALVATERRA
2017-09-25 00:00:00.000,"391/33","1.6",146740,226240,"25",T7 - ALUVIÕES DO TEJO,,FOROS DE SALVATERRA
2018-10-08 11:10:00.000,"391/33","1.2",146740,226240,"25",T7 - ALUVIÕES DO TEJO,,FOROS DE SALVATERRA
2019-04-03 11:55:00.000,"391/33",(<)0.890,146740,226240,"25",T7 - ALUVIÕES DO TEJO,,FOROS DE SALVATERRA
2019-10-03 11:15:00.000,"391/33",(<)0.890,146740,226240,"25",T7 - ALUVIÕES DO TEJO,,FOROS DE SALVATERRA
2000-03-13 00:00:00.000,"391/404","7.4",148130,221120,,T7 - ALUVIÕES DO TEJO,,BARROSA
2000-10-02 00:00:00.000,"391/404","29.28",148130,221120,,T7 - ALUVIÕES DO TEJO,,BARROSA
2001-03-05 00:00:00.000,"391/404","22.64",148130,221120,,T7 - ALUVIÕES DO TEJO,,BARROSA
2001-10-22 00:00:00.000,"391/404","10.63",148130,221120,,T7 - ALUVIÕES DO TEJO,,BARROSA
2002-03-04 00:00:00.000,"391/404","3.9",148130,221120,,T7 - ALUVIÕES DO TEJO,,BARROSA
2002-10-28 00:00:00.000,"391/404","9.66",148130,221120,,T7 - ALUVIÕES DO TEJO,,BARROSA
2003-03-10 00:00:00.000,"391/404","32.65",148130,221120,,T7 - ALUVIÕES DO TEJO,,BARROSA
2004-03-01 00:00:00.000,"391/404","14.0",148130,221120,,T7 - ALUVIÕES DO TEJO,,BARROSA
2004-10-06 00:00:00.000,"391/404","12.36",148130,221120,,T7 - ALUVIÕES DO TEJO,,BARROSA
2005-04-06 00:00:00.000,"391/404","8.37",148130,221120,,T7 - ALUVIÕES DO TEJO,,BARROSA
2005-10-11 00:00:00.000,"391/404","20.78",148130,221120,,T7 - ALUVIÕES DO TEJO,,BARROSA
2006-03-20 00:00:00.000,"391/404","7.3",148130,221120,,T7 - ALUVIÕES DO TEJO,,BARROSA
2006-10-11 00:00:00.000,"391/404","37.0",148130,221120,,T7 - ALUVIÕES DO TEJO,,BARROSA
2007-03-28 00:00:00.000,"391/404","40.27",148130,221120,,T7 - ALUVIÕES DO TEJO,,BARROSA
2007-11-05 00:00:00.000,"391/404","14.13",148130,221120,,T7 - ALUVIÕES DO TEJO,,BARROSA
2008-04-03 00:00:00.000,"391/404","17.68",148130,221120,,T7 - ALUVIÕES DO TEJO,,BARROSA
2008-10-20 00:00:00.000,"391/404","9.7",148130,221120,,T7 - ALUVIÕES DO TEJO,,BARROSA
2009-04-20 00:00:00.000,"391/404","10.189",148130,221120,,T7 - ALUVIÕES DO TEJO,,BARROSA
2009-09-22 00:00:00.000,"391/404","37.655",148130,221120,,T7 - ALUVIÕES DO TEJO,,BARROSA
2010-06-22 11:20:00.000,"391/404","16.0",148130,221120,,T7 - ALUVIÕES DO TEJO,,BARROSA
2011-03-29 14:50:00.000,"391/404","9.0",148130,221120,,T7 - ALUVIÕES DO TEJO,,BARROSA
2012-11-26 09:50:00.000,"391/404","9.3",148130,221120,,T7 - ALUVIÕES DO TEJO,,BARROSA
2013-04-01 09:40:00.000,"391/404","22.0",148130,221120,,T7 - ALUVIÕES DO TEJO,,BARROSA
2013-11-19 14:30:00.000,"391/404","12.0",148130,221120,,T7 - ALUVIÕES DO TEJO,,BARROSA
2014-03-24 09:30:00.000,"391/404","20.0",148130,221120,,T7 - ALUVIÕES DO TEJO,,BARROSA
2014-10-13 09:20:00.000,"391/404","17.0",148130,221120,,T7 - ALUVIÕES DO TEJO,,BARROSA
2015-03-16 11:10:00.000,"391/404","10.0",148130,221120,,T7 - ALUVIÕES DO TEJO,,BARROSA
2015-10-13 11:10:00.000,"391/404","29.0",148130,221120,,T7 - ALUVIÕES DO TEJO,,BARROSA
2016-03-15 11:05:00.000,"391/404","9.5",148130,221120,,T7 - ALUVIÕES DO TEJO,,BARROSA
2016-10-11 11:15:00.000,"391/404","16.0",148130,221120,,T7 - ALUVIÕES DO TEJO,,BARROSA
2017-06-01 00:00:00.000,"391/404","2.4",148130,221120,,T7 - ALUVIÕES DO TEJO,,BARROSA
2017-10-26 00:00:00.000,"391/404","4.5",148130,221120,,T7 - ALUVIÕES DO TEJO,,BARROSA
2018-06-27 00:00:00.000,"391/404","21.0",148130,221120,,T7 - ALUVIÕES DO TEJO,,BARROSA
2018-10-11 00:00:00.000,"391/404","12.0",148130,221120,,T7 - ALUVIÕES DO TEJO,,BARROSA
2019-05-21 00:00:00.000,"391/404","6.0",148130,221120,,T7 - ALUVIÕES DO TEJO,,BARROSA
2019-10-15 00:00:00.000,"391/404","23.0",148130,221120,,T7 - ALUVIÕES DO TEJO,,BARROSA
2020-07-16 00:00:00.000,"391/404","13.0",148130,221120,,T7 - ALUVIÕES DO TEJO,,BARROSA
2020-11-12 00:00:00.000,"391/404","9.5",148130,221120,,T7 - ALUVIÕES DO TEJO,,BARROSA
2021-05-26 00:00:00.000,"391/404","14.0",148130,221120,,T7 - ALUVIÕES DO TEJO,,BARROSA
2021-09-29 00:00:00.000,"391/404","8.7",148130,221120,,T7 - ALUVIÕES DO TEJO,,BARROSA
2022-05-03 00:00:00.000,"391/404","12.0",148130,221120,,T7 - ALUVIÕES DO TEJO,,BARROSA
2022-09-06 00:00:00.000,"391/404",(<)1.000,148130,221120,,T7 - ALUVIÕES DO TEJO,,BARROSA
2023-05-09 00:00:00.000,"391/404","14.0",148130,221120,,T7 - ALUVIÕES DO TEJO,,BARROSA
2006-03-20 00:00:00.000,"391/AG14","33.0",144440,224099,"5",T7 - ALUVIÕES DO TEJO,,BENAVENTE
2006-10-11 00:00:00.000,"391/AG14","48.0",144440,224099,"5",T7 - ALUVIÕES DO TEJO,,BENAVENTE
2008-04-03 00:00:00.000,"391/AG14","44.26",144440,224099,"5",T7 - ALUVIÕES DO TEJO,,BENAVENTE
2008-10-20 00:00:00.000,"391/AG14","22.0",144440,224099,"5",T7 - ALUVIÕES DO TEJO,,BENAVENTE
2009-04-20 00:00:00.000,"391/AG14","29.0",144440,224099,"5",T7 - ALUVIÕES DO TEJO,,BENAVENTE
2009-09-22 00:00:00.000,"391/AG14","53.16",144440,224099,"5",T7 - ALUVIÕES DO TEJO,,BENAVENTE
2010-06-22 17:40:00.000,"391/AG14","110.0",144440,224099,"5",T7 - ALUVIÕES DO TEJO,,BENAVENTE
2012-11-26 09:05:00.000,"391/AG14","59.0",144440,224099,"5",T7 - ALUVIÕES DO TEJO,,BENAVENTE
2013-04-01 08:50:00.000,"391/AG14","57.0",144440,224099,"5",T7 - ALUVIÕES DO TEJO,,BENAVENTE
2013-11-19 10:00:00.000,"391/AG14","54.0",144440,224099,"5",T7 - ALUVIÕES DO TEJO,,BENAVENTE
2014-03-24 11:15:00.000,"391/AG14","11.0",144440,224099,"5",T7 - ALUVIÕES DO TEJO,,BENAVENTE
2014-10-13 10:30:00.000,"391/AG14","15.0",144440,224099,"5",T7 - ALUVIÕES DO TEJO,,BENAVENTE
2015-03-16 12:10:00.000,"391/AG14","48.0",144440,224099,"5",T7 - ALUVIÕES DO TEJO,,BENAVENTE
2015-10-13 11:45:00.000,"391/AG14","33.0",144440,224099,"5",T7 - ALUVIÕES DO TEJO,,BENAVENTE
2016-03-15 00:00:00.000,"391/AG14","40.0",144440,224099,"5",T7 - ALUVIÕES DO TEJO,,BENAVENTE
2016-10-11 12:05:00.000,"391/AG14","40.0",144440,224099,"5",T7 - ALUVIÕES DO TEJO,,BENAVENTE
2017-03-22 11:35:00.000,"391/AG14","40.0",144440,224099,"5",T7 - ALUVIÕES DO TEJO,,BENAVENTE
2017-09-25 10:50:00.000,"391/AG14","35.0",144440,224099,"5",T7 - ALUVIÕES DO TEJO,,BENAVENTE
2018-05-10 10:40:00.000,"391/AG14","66.0",144440,224099,"5",T7 - ALUVIÕES DO TEJO,,BENAVENTE
2018-09-24 11:05:00.000,"391/AG14","40.0",144440,224099,"5",T7 - ALUVIÕES DO TEJO,,BENAVENTE
2019-03-18 11:15:00.000,"391/AG14","44.0",144440,224099,"5",T7 - ALUVIÕES DO TEJO,,BENAVENTE
2019-10-08 11:15:00.000,"391/AG14","31.0",144440,224099,"5",T7 - ALUVIÕES DO TEJO,,BENAVENTE
2020-03-04 11:15:00.000,"391/AG14","50.0",144440,224099,"5",T7 - ALUVIÕES DO TEJO,,BENAVENTE
2020-09-07 12:30:00.000,"391/AG14","43.0",144440,224099,"5",T7 - ALUVIÕES DO TEJO,,BENAVENTE
2021-02-23 11:10:00.000,"391/AG14","98.0",144440,224099,"5",T7 - ALUVIÕES DO TEJO,,BENAVENTE
2021-09-28 11:00:00.000,"391/AG14","50.0",144440,224099,"5",T7 - ALUVIÕES DO TEJO,,BENAVENTE
2022-03-15 10:50:00.000,"391/AG14","42.0",144440,224099,"5",T7 - ALUVIÕES DO TEJO,,BENAVENTE
2022-09-27 10:30:00.000,"391/AG14","50.0",144440,224099,"5",T7 - ALUVIÕES DO TEJO,,BENAVENTE
2023-09-18 11:00:00.000,"391/AG14","40.0",144440,224099,"5",T7 - ALUVIÕES DO TEJO,,BENAVENTE
2000-03-13 00:00:00.000,"404/69","0.46",134850,210870,"5",T7 - ALUVIÕES DO TEJO,,SAMORA CORREIA
2000-10-02 00:00:00.000,"404/69","0.18",134850,210870,"5",T7 - ALUVIÕES DO TEJO,,SAMORA CORREIA
2001-03-05 00:00:00.000,"404/69","0.18",134850,210870,"5",T7 - ALUVIÕES DO TEJO,,SAMORA CORREIA
2002-03-04 00:00:00.000,"404/69","1.78",134850,210870,"5",T7 - ALUVIÕES DO TEJO,,SAMORA CORREIA
2002-10-28 00:00:00.000,"404/69","1.48",134850,210870,"5",T7 - ALUVIÕES DO TEJO,,SAMORA CORREIA
2004-10-06 00:00:00.000,"404/69","0.664",134850,210870,"5",T7 - ALUVIÕES DO TEJO,,SAMORA CORREIA
2005-04-06 00:00:00.000,"404/69","0.66",134850,210870,"5",T7 - ALUVIÕES DO TEJO,,SAMORA CORREIA
2005-10-11 00:00:00.000,"404/69","0.73",134850,210870,"5",T7 - ALUVIÕES DO TEJO,,SAMORA CORREIA
2006-03-20 00:00:00.000,"404/69","0.87",134850,210870,"5",T7 - ALUVIÕES DO TEJO,,SAMORA CORREIA
2006-10-11 00:00:00.000,"404/69",(<)0.200,134850,210870,"5",T7 - ALUVIÕES DO TEJO,,SAMORA CORREIA
2007-03-28 00:00:00.000,"404/69","0.84",134850,210870,"5",T7 - ALUVIÕES DO TEJO,,SAMORA CORREIA
2007-11-05 00:00:00.000,"404/69","0.7",134850,210870,"5",T7 - ALUVIÕES DO TEJO,,SAMORA CORREIA
2008-04-03 00:00:00.000,"404/69","0.83",134850,210870,"5",T7 - ALUVIÕES DO TEJO,,SAMORA CORREIA
2008-10-20 00:00:00.000,"404/69","5.3",134850,210870,"5",T7 - ALUVIÕES DO TEJO,,SAMORA CORREIA
2009-03-17 00:00:00.000,"404/69","0.9",134850,210870,"5",T7 - ALUVIÕES DO TEJO,,SAMORA CORREIA
2009-10-26 00:00:00.000,"404/69","0.89",134850,210870,"5",T7 - ALUVIÕES DO TEJO,,SAMORA CORREIA
2010-06-22 15:45:00.000,"404/69","5.0",134850,210870,"5",T7 - ALUVIÕES DO TEJO,,SAMORA CORREIA
2011-03-29 15:50:00.000,"404/69","2.0",134850,210870,"5",T7 - ALUVIÕES DO TEJO,,SAMORA CORREIA
2012-12-17 09:15:00.000,"404/69","1.0",134850,210870,"5",T7 - ALUVIÕES DO TEJO,,SAMORA CORREIA
2013-04-02 09:40:00.000,"404/69","2.0",134850,210870,"5",T7 - ALUVIÕES DO TEJO,,SAMORA CORREIA
2000-03-13 00:00:00.000,"405/17","38.98",136600,219500,"7",T7 - ALUVIÕES DO TEJO,,SAMORA CORREIA
2000-10-02 00:00:00.000,"405/17","27.91",136600,219500,"7",T7 - ALUVIÕES DO TEJO,,SAMORA CORREIA
2001-03-05 00:00:00.000,"405/17","26.34",136600,219500,"7",T7 - ALUVIÕES DO TEJO,,SAMORA CORREIA
2002-10-28 00:00:00.000,"405/17","23.02",136600,219500,"7",T7 - ALUVIÕES DO TEJO,,SAMORA CORREIA
2003-03-10 00:00:00.000,"405/17","51.19",136600,219500,"7",T7 - ALUVIÕES DO TEJO,,SAMORA CORREIA
2005-05-03 00:00:00.000,"405/17","4.96",136600,219500,"7",T7 - ALUVIÕES DO TEJO,,SAMORA CORREIA
2005-10-11 00:00:00.000,"405/17","2.8",136600,219500,"7",T7 - ALUVIÕES DO TEJO,,SAMORA CORREIA
2006-03-20 00:00:00.000,"405/17","57.0",136600,219500,"7",T7 - ALUVIÕES DO TEJO,,SAMORA CORREIA
2006-10-11 00:00:00.000,"405/17","4.39",136600,219500,"7",T7 - ALUVIÕES DO TEJO,,SAMORA CORREIA
2007-03-28 00:00:00.000,"405/17","39.38",136600,219500,"7",T7 - ALUVIÕES DO TEJO,,SAMORA CORREIA
2007-11-05 00:00:00.000,"405/17","1.8",136600,219500,"7",T7 - ALUVIÕES DO TEJO,,SAMORA CORREIA
2008-04-03 00:00:00.000,"405/17","10.15",136600,219500,"7",T7 - ALUVIÕES DO TEJO,,SAMORA CORREIA
2008-10-20 00:00:00.000,"405/17","1.24",136600,219500,"7",T7 - ALUVIÕES DO TEJO,,SAMORA CORREIA
2009-03-17 00:00:00.000,"405/17","8.2",136600,219500,"7",T7 - ALUVIÕES DO TEJO,,SAMORA CORREIA
2009-10-26 00:00:00.000,"405/17","1.0",136600,219500,"7",T7 - ALUVIÕES DO TEJO,,SAMORA CORREIA
2010-06-22 17:15:00.000,"405/17",(<)2.000,136600,219500,"7",T7 - ALUVIÕES DO TEJO,,SAMORA CORREIA
2011-03-29 13:30:00.000,"405/17",(<)2.000,136600,219500,"7",T7 - ALUVIÕES DO TEJO,,SAMORA CORREIA
2012-12-17 08:55:00.000,"405/17",(<)0.890,136600,219500,"7",T7 - ALUVIÕES DO TEJO,,SAMORA CORREIA
2013-04-02 09:20:00.000,"405/17",(<)0.890,136600,219500,"7",T7 - ALUVIÕES DO TEJO,,SAMORA CORREIA
2013-11-19 11:50:00.000,"405/17",(<)2.000,136600,219500,"7",T7 - ALUVIÕES DO TEJO,,SAMORA CORREIA
2014-04-14 09:30:00.000,"405/17",(<)0.890,136600,219500,"7",T7 - ALUVIÕES DO TEJO,,SAMORA CORREIA
2014-10-27 09:00:00.000,"405/17","1.5",136600,219500,"7",T7 - ALUVIÕES DO TEJO,,SAMORA CORREIA
2015-04-13 12:10:00.000,"405/17","8.1",136600,219500,"7",T7 - ALUVIÕES DO TEJO,,SAMORA CORREIA
2015-11-10 11:30:00.000,"405/17","10.0",136600,219500,"7",T7 - ALUVIÕES DO TEJO,,SAMORA CORREIA
2016-04-14 10:50:00.000,"405/17",(<)0.890,136600,219500,"7",T7 - ALUVIÕES DO TEJO,,SAMORA CORREIA
2016-11-03 11:10:00.000,"405/17",(<)0.890,136600,219500,"7",T7 - ALUVIÕES DO TEJO,,SAMORA CORREIA
2017-03-08 16:00:00.000,"405/17","1.2",136600,219500,"7",T7 - ALUVIÕES DO TEJO,,SAMORA CORREIA
2017-10-17 00:00:00.000,"405/17",(<)0.890,136600,219500,"7",T7 - ALUVIÕES DO TEJO,,SAMORA CORREIA
2018-05-02 11:40:00.000,"405/17","26.0",136600,219500,"7",T7 - ALUVIÕES DO TEJO,,SAMORA CORREIA
2018-09-17 11:15:00.000,"405/17",(<)0.890,136600,219500,"7",T7 - ALUVIÕES DO TEJO,,SAMORA CORREIA
2019-03-18 11:40:00.000,"405/17","15.0",136600,219500,"7",T7 - ALUVIÕES DO TEJO,,SAMORA CORREIA
2019-10-08 11:40:00.000,"405/17",(<)0.890,136600,219500,"7",T7 - ALUVIÕES DO TEJO,,SAMORA CORREIA
2020-03-04 11:30:00.000,"405/17","2.1",136600,219500,"7",T7 - ALUVIÕES DO TEJO,,SAMORA CORREIA
2020-09-07 13:30:00.000,"405/17",(<)0.890,136600,219500,"7",T7 - ALUVIÕES DO TEJO,,SAMORA CORREIA
2021-02-23 11:45:00.000,"405/17","48.0",136600,219500,"7",T7 - ALUVIÕES DO TEJO,,SAMORA CORREIA
2021-09-28 11:45:00.000,"405/17",(<)0.890,136600,219500,"7",T7 - ALUVIÕES DO TEJO,,SAMORA CORREIA
2022-03-15 11:35:00.000,"405/17",(<)0.890,136600,219500,"7",T7 - ALUVIÕES DO TEJO,,SAMORA CORREIA
2022-09-27 11:00:00.000,"405/17","26.0",136600,219500,"7",T7 - ALUVIÕES DO TEJO,,SAMORA CORREIA
2023-04-11 00:00:00.000,"405/17",(<)0.890,136600,219500,"7",T7 - ALUVIÕES DO TEJO,,SAMORA CORREIA
2023-09-18 11:55:00.000,"405/17",(<)0.890,136600,219500,"7",T7 - ALUVIÕES DO TEJO,,SAMORA CORREIA
2006-03-20 00:00:00.000,"405/AG6","110.0",139649,211339,"35",T7 - ALUVIÕES DO TEJO,,SAMORA CORREIA
2007-03-28 00:00:00.000,"405/AG6","84.0",139649,211339,"35",T7 - ALUVIÕES DO TEJO,,SAMORA CORREIA
2008-04-03 00:00:00.000,"405/AG6","66.0",139649,211339,"35",T7 - ALUVIÕES DO TEJO,,SAMORA CORREIA
2008-10-20 00:00:00.000,"405/AG6","32.0",139649,211339,"35",T7 - ALUVIÕES DO TEJO,,SAMORA CORREIA
2009-03-17 00:00:00.000,"405/AG6","37.0",139649,211339,"35",T7 - ALUVIÕES DO TEJO,,SAMORA CORREIA
2009-10-26 00:00:00.000,"405/AG6","24.808",139649,211339,"35",T7 - ALUVIÕES DO TEJO,,SAMORA CORREIA
2000-03-13 00:00:00.000,"418/4","0.22",135060,204980,"16",T7 - ALUVIÕES DO TEJO,SELADO,SAMORA CORREIA
2000-10-02 00:00:00.000,"418/4","0.75",135060,204980,"16",T7 - ALUVIÕES DO TEJO,SELADO,SAMORA CORREIA
2001-03-05 00:00:00.000,"418/4","0.7",135060,204980,"16",T7 - ALUVIÕES DO TEJO,SELADO,SAMORA CORREIA
2002-03-04 00:00:00.000,"418/4","0.97",135060,204980,"16",T7 - ALUVIÕES DO TEJO,SELADO,SAMORA CORREIA
2002-10-28 00:00:00.000,"418/4","0.84",135060,204980,"16",T7 - ALUVIÕES DO TEJO,SELADO,SAMORA CORREIA
2003-03-10 00:00:00.000,"418/4","0.84",135060,204980,"16",T7 - ALUVIÕES DO TEJO,SELADO,SAMORA CORREIA
2004-03-01 00:00:00.000,"418/4","0.66",135060,204980,"16",T7 - ALUVIÕES DO TEJO,SELADO,SAMORA CORREIA
2005-04-06 00:00:00.000,"418/4","0.66",135060,204980,"16",T7 - ALUVIÕES DO TEJO,SELADO,SAMORA CORREIA
2005-10-11 00:00:00.000,"418/4","0.71",135060,204980,"16",T7 - ALUVIÕES DO TEJO,SELADO,SAMORA CORREIA
2006-03-20 00:00:00.000,"418/4","0.64",135060,204980,"16",T7 - ALUVIÕES DO TEJO,SELADO,SAMORA CORREIA
2006-10-11 00:00:00.000,"418/4","0.84",135060,204980,"16",T7 - ALUVIÕES DO TEJO,SELADO,SAMORA CORREIA
2007-03-28 00:00:00.000,"418/4","0.84",135060,204980,"16",T7 - ALUVIÕES DO TEJO,SELADO,SAMORA CORREIA
2007-11-05 00:00:00.000,"418/4","0.84",135060,204980,"16",T7 - ALUVIÕES DO TEJO,SELADO,SAMORA CORREIA
2008-04-03 00:00:00.000,"418/4","0.84",135060,204980,"16",T7 - ALUVIÕES DO TEJO,SELADO,SAMORA CORREIA
2008-10-20 00:00:00.000,"418/4","0.84",135060,204980,"16",T7 - ALUVIÕES DO TEJO,SELADO,SAMORA CORREIA
2009-03-17 00:00:00.000,"418/4",(e<)0.886,135060,204980,"16",T7 - ALUVIÕES DO TEJO,SELADO,SAMORA CORREIA
2009-10-26 00:00:00.000,"418/4",(e<)0.886,135060,204980,"16",T7 - ALUVIÕES DO TEJO,SELADO,SAMORA CORREIA
2010-06-22 14:45:00.000,"418/4",(<)2.000,135060,204980,"16",T7 - ALUVIÕES DO TEJO,SELADO,SAMORA CORREIA
2011-03-29 16:20:00.000,"418/4",(<)2.000,135060,204980,"16",T7 - ALUVIÕES DO TEJO,SELADO,SAMORA CORREIA
2012-12-17 09:50:00.000,"418/4",(<)0.890,135060,204980,"16",T7 - ALUVIÕES DO TEJO,SELADO,SAMORA CORREIA
2013-04-02 10:20:00.000,"418/4",(<)0.890,135060,204980,"16",T7 - ALUVIÕES DO TEJO,SELADO,SAMORA CORREIA
2013-11-19 11:30:00.000,"418/4","2.0",135060,204980,"16",T7 - ALUVIÕES DO TEJO,SELADO,SAMORA CORREIA
2014-04-14 10:30:00.000,"418/4",(<)0.890,135060,204980,"16",T7 - ALUVIÕES DO TEJO,SELADO,SAMORA CORREIA
2014-10-27 10:50:00.000,"418/4",(<)0.890,135060,204980,"16",T7 - ALUVIÕES DO TEJO,SELADO,SAMORA CORREIA
2015-04-13 11:10:00.000,"418/4",(<)0.890,135060,204980,"16",T7 - ALUVIÕES DO TEJO,SELADO,SAMORA CORREIA
2015-11-10 10:30:00.000,"418/4","1.3",135060,204980,"16",T7 - ALUVIÕES DO TEJO,SELADO,SAMORA CORREIA
2016-04-14 12:10:00.000,"418/4",(<)0.890,135060,204980,"16",T7 - ALUVIÕES DO TEJO,SELADO,SAMORA CORREIA
2016-11-03 12:10:00.000,"418/4",(<)0.890,135060,204980,"16",T7 - ALUVIÕES DO TEJO,SELADO,SAMORA CORREIA
2006-03-20 00:00:00.000,"418/AG49","160.0",131467,204958,"7",T7 - ALUVIÕES DO TEJO,,SAMORA CORREIA
2007-03-28 00:00:00.000,"418/AG49","150.0",131467,204958,"7",T7 - ALUVIÕES DO TEJO,,SAMORA CORREIA
2007-11-05 00:00:00.000,"418/AG49","120.0",131467,204958,"7",T7 - ALUVIÕES DO TEJO,,SAMORA CORREIA
2008-04-03 00:00:00.000,"418/AG49","22.0",131467,204958,"7",T7 - ALUVIÕES DO TEJO,,SAMORA CORREIA
2008-10-20 00:00:00.000,"418/AG49","76.0",131467,204958,"7",T7 - ALUVIÕES DO TEJO,,SAMORA CORREIA
2009-03-17 00:00:00.000,"418/AG49","160.0",131467,204958,"7",T7 - ALUVIÕES DO TEJO,,SAMORA CORREIA
2009-10-26 00:00:00.000,"418/AG49","130.0",131467,204958,"7",T7 - ALUVIÕES DO TEJO,,SAMORA CORREIA
2010-06-22 15:15:00.000,"418/AG49","12.0",131467,204958,"7",T7 - ALUVIÕES DO TEJO,,SAMORA CORREIA
2011-03-29 17:00:00.000,"418/AG49","18.0",131467,204958,"7",T7 - ALUVIÕES DO TEJO,,SAMORA CORREIA
2012-12-17 09:35:00.000,"418/AG49","59.0",131467,204958,"7",T7 - ALUVIÕES DO TEJO,,SAMORA CORREIA
2013-04-02 10:00:00.000,"418/AG49","23.0",131467,204958,"7",T7 - ALUVIÕES DO TEJO,,SAMORA CORREIA
2013-11-19 12:50:00.000,"418/AG49","14.0",131467,204958,"7",T7 - ALUVIÕES DO TEJO,,SAMORA CORREIA
2014-04-14 10:05:00.000,"418/AG49","28.0",131467,204958,"7",T7 - ALUVIÕES DO TEJO,,SAMORA CORREIA
2014-10-27 09:30:00.000,"418/AG49","36.0",131467,204958,"7",T7 - ALUVIÕES DO TEJO,,SAMORA CORREIA
2015-04-13 10:50:00.000,"418/AG49","42.0",131467,204958,"7",T7 - ALUVIÕES DO TEJO,,SAMORA CORREIA
2015-11-10 10:15:00.000,"418/AG49","40.0",131467,204958,"7",T7 - ALUVIÕES DO TEJO,,SAMORA CORREIA
2016-04-14 11:25:00.000,"418/AG49","67.0",131467,204958,"7",T7 - ALUVIÕES DO TEJO,,SAMORA CORREIA
2016-11-03 11:35:00.000,"418/AG49","95.0",131467,204958,"7",T7 - ALUVIÕES DO TEJO,,SAMORA CORREIA
2017-03-08 11:00:00.000,"418/AG49","98.0",131467,204958,"7",T7 - ALUVIÕES DO TEJO,,SAMORA CORREIA
2017-10-17 11:15:00.000,"418/AG49","130.0",131467,204958,"7",T7 - ALUVIÕES DO TEJO,,SAMORA CORREIA
2018-05-02 12:10:00.000,"418/AG49","95.0",131467,204958,"7",T7 - ALUVIÕES DO TEJO,,SAMORA CORREIA
2018-09-17 11:40:00.000,"418/AG49","92.0",131467,204958,"7",T7 - ALUVIÕES DO TEJO,,SAMORA CORREIA
2019-03-19 12:40:00.000,"418/AG49","140.0",131467,204958,"7",T7 - ALUVIÕES DO TEJO,,SAMORA CORREIA
2020-10-12 11:05:00.000,"418/AG49","170.0",131467,204958,"7",T7 - ALUVIÕES DO TEJO,,SAMORA CORREIA
2021-02-22 12:05:00.000,"418/AG49","100.0",131467,204958,"7",T7 - ALUVIÕES DO TEJO,,SAMORA CORREIA
2021-09-27 12:25:00.000,"418/AG49","51.0",131467,204958,"7",T7 - ALUVIÕES DO TEJO,,SAMORA CORREIA
2022-03-16 11:55:00.000,"418/AG49","170.0",131467,204958,"7",T7 - ALUVIÕES DO TEJO,,SAMORA CORREIA
2022-09-28 12:00:00.000,"418/AG49","140.0",131467,204958,"7",T7 - ALUVIÕES DO TEJO,,SAMORA CORREIA
2023-04-05 12:05:00.000,"418/AG49","120.0",131467,204958,"7",T7 - ALUVIÕES DO TEJO,,SAMORA CORREIA
2023-10-11 12:10:00.000,"418/AG49","160.0",131467,204958,"7",T7 - ALUVIÕES DO TEJO,,SAMORA CORREIA
2006-11-09 00:00:00.000,"419/AG3","100.0",136088,204799,"19",T7 - ALUVIÕES DO TEJO,,SAMORA CORREIA
2007-03-28 00:00:00.000,"419/AG3","98.0",136088,204799,"19",T7 - ALUVIÕES DO TEJO,,SAMORA CORREIA
2010-06-22 13:45:00.000,"419/AG3","130.0",136088,204799,"19",T7 - ALUVIÕES DO TEJO,,SAMORA CORREIA
2014-04-14 11:10:00.000,"419/AG3","66.0",136088,204799,"19",T7 - ALUVIÕES DO TEJO,,SAMORA CORREIA
2014-10-27 10:30:00.000,"419/AG3","59.0",136088,204799,"19",T7 - ALUVIÕES DO TEJO,,SAMORA CORREIA
2015-04-13 11:30:00.000,"419/AG3","84.0",136088,204799,"19",T7 - ALUVIÕES DO TEJO,,SAMORA CORREIA
2015-11-10 10:55:00.000,"419/AG3","73.0",136088,204799,"19",T7 - ALUVIÕES DO TEJO,,SAMORA CORREIA
2016-04-14 11:45:00.000,"419/AG3","91.0",136088,204799,"19",T7 - ALUVIÕES DO TEJO,,SAMORA CORREIA
2017-03-08 17:00:00.000,"419/AG3","71.0",136088,204799,"19",T7 - ALUVIÕES DO TEJO,,SAMORA CORREIA
2017-10-17 00:00:00.000,"419/AG3","62.0",136088,204799,"19",T7 - ALUVIÕES DO TEJO,,SAMORA CORREIA
2018-05-02 10:25:00.000,"419/AG3","67.0",136088,204799,"19",T7 - ALUVIÕES DO TEJO,,SAMORA CORREIA
2019-03-19 11:25:00.000,"419/AG3","80.0",136088,204799,"19",T7 - ALUVIÕES DO TEJO,,SAMORA CORREIA
2020-03-05 00:00:00.000,"419/AG3","76.0",136088,204799,"19",T7 - ALUVIÕES DO TEJO,,SAMORA CORREIA
2021-02-22 11:10:00.000,"419/AG3","100.0",136088,204799,"19",T7 - ALUVIÕES DO TEJO,,SAMORA CORREIA
2021-09-27 11:10:00.000,"419/AG3","110.0",136088,204799,"19",T7 - ALUVIÕES DO TEJO,,SAMORA CORREIA
2022-03-16 11:05:00.000,"419/AG3","110.0",136088,204799,"19",T7 - ALUVIÕES DO TEJO,,SAMORA CORREIA
2022-09-28 11:00:00.000,"419/AG3","120.0",136088,204799,"19",T7 - ALUVIÕES DO TEJO,,SAMORA CORREIA
2023-04-05 11:10:00.000,"419/AG3","66.0",136088,204799,"19",T7 - ALUVIÕES DO TEJO,,SAMORA CORREIA
2023-10-11 11:15:00.000,"419/AG3","56.0",136088,204799,"19",T7 - ALUVIÕES DO TEJO,,SAMORA CORREIA
