site_id,site_label,y_m,x_m,n_obs,first_date,last_date,total_prec_mm,freq_label,missing_count,missing_first_5
172472.16_123280.21,22C/02UG | 172472.16_123280.21,172472.16,123280.21,15778,1979-10-01,2025-01-01,25276.4,daily,752,"2010-10-01, 2010-10-02, 2010-10-03, 2010-10-04, 2010-10-05"
172723.42_168271.45,22G/01UG | 172723.42_168271.45,172723.42,168271.45,16156,1979-10-01,2025-03-15,18924.8,daily,447,"2012-10-01, 2012-10-02, 2012-10-03, 2012-10-04, 2012-10-05"
179501.4_151088.38,22E/01UG | 179501.4_151088.38,179501.4,151088.38,16156,1979-10-01,2025-03-15,20760.5,daily,447,"2012-10-01, 2012-10-02, 2012-10-03, 2012-10-04, 2012-10-05"
179748.0_157884.0,22F/03C | 179748.0_157884.0,179748.0,157884.0,16156,1979-10-01,2025-03-15,25533.6,daily,447,"2012-10-01, 2012-10-02, 2012-10-03, 2012-10-04, 2012-10-05"
188713.0_106897.0,22B/01C | 188713.0_106897.0,188713.0,106897.0,16144,1979-10-01,2025-01-01,16363.1,daily,386,"2010-03-17, 2010-07-25, 2010-07-26, 2010-07-27, 2010-07-28"
188717.0_170849.08,21G/01UG | 188717.0_170849.08,188717.0,170849.08,16156,1979-10-01,2025-03-15,17991.7,daily,447,"2012-10-01, 2012-10-02, 2012-10-03, 2012-10-04, 2012-10-05"
198202.0_113140.0,21C/02G | 198202.0_113140.0,198202.0,113140.0,15489,1979-10-01,2025-01-01,576.0,daily,1041,"2010-03-17, 2010-03-18, 2010-03-19, 2010-03-20, 2010-03-21"
198697.02_128747.74,21D/01UG | 198697.02_128747.74,198697.02,128747.74,15324,1979-10-01,2025-01-01,15607.6,daily,1206,"2010-01-29, 2010-01-30, 2010-01-31, 2010-02-01, 2010-02-02"
200405.72_157106.89,21F/01UG | 200405.72_157106.89,200405.72,157106.89,16530,1979-10-01,2025-01-01,23413.1,daily,0,
201764.0_98416.0,21B/10G | 201764.0_98416.0,201764.0,98416.0,16530,1979-10-01,2025-01-01,26482.9,daily,0,
201859.52_88818.49,21A/13G | 201859.52_88818.49,201859.52,88818.49,15898,1979-10-01,2025-01-01,2254.3,daily,632,"2013-05-05, 2013-05-06, 2013-05-07, 2013-05-08, 2013-05-09"
203397.94_114863.48,21C/01U | 203397.94_114863.48,203397.94,114863.48,14697,1979-10-01,2024-12-19,14746.7,daily,1820,"2010-04-14, 2010-04-15, 2010-04-16, 2010-04-17, 2010-04-18"
206512.92_170359.23,21G/03G | 206512.92_170359.23,206512.92,170359.25,16530,1979-10-01,2025-01-01,13305.4,daily,0,
206775.22_105321.3,21B/11UG | 206775.22_105321.3,206775.22,105321.3,16530,1979-10-01,2025-01-01,29167.5,daily,0,
208747.1_166846.6,20F/02G | 208747.1_166846.6,208747.1,166846.6,15898,1979-10-01,2025-01-01,6975.6,daily,632,"2013-05-05, 2013-05-06, 2013-05-07, 2013-05-08, 2013-05-09"
208796.0_114090.0,20C/01C | 208796.0_114090.0,208796.0,114090.0,15898,1979-10-01,2025-01-01,24954.8,daily,632,"2013-05-05, 2013-05-06, 2013-05-07, 2013-05-08, 2013-05-09"
210459.81_146793.0,20E/02UG | 210459.81_146793.0,210459.81,146793.0,14697,1979-10-01,2024-12-19,21225.2,daily,1820,"2010-04-14, 2010-04-15, 2010-04-16, 2010-04-17, 2010-04-18"
213881.78_106852.38,20B/03C | 213881.78_106852.38,213881.78,106852.38,15489,1979-10-01,2025-01-01,25716.1,daily,1041,"2010-03-17, 2010-03-18, 2010-03-19, 2010-03-20, 2010-03-21"
218371.0_119174.0,20C/04UG | 218371.0_119174.0,218371.0,119174.0,16530,1979-10-01,2025-01-01,18223.2,daily,0,
219895.0_129387.0,20D/01C | 219895.0_129387.0,219895.0,129387.0,15778,1979-10-01,2025-01-01,23224.9,daily,752,"2010-10-01, 2010-10-02, 2010-10-03, 2010-10-04, 2010-10-05"
220778.0_107301.0,20B/06UG | 220778.0_107301.0,220778.0,107301.0,15489,1979-10-01,2025-01-01,25670.8,daily,1041,"2010-03-17, 2010-03-18, 2010-03-19, 2010-03-20, 2010-03-21"
220951.0_112953.0,20C/03G | 220951.0_112953.0,220951.0,112953.0,15731,1979-10-01,2024-12-17,29094.2,daily,784,"2010-03-10, 2010-03-11, 2010-05-19, 2010-05-20, 2010-08-25"
222023.0_166123.0,20F/01UG | 222023.0_166123.0,222023.0,166123.0,15229,1979-10-01,2025-01-01,19756.0,daily,1301,"2011-04-03, 2011-04-04, 2011-04-05, 2011-04-06, 2011-04-07"
224830.0_151370.0,20E/01C | 224830.0_151370.0,224830.0,151370.0,16530,1979-10-01,2025-01-01,26282.0,daily,0,
225377.06_172836.2,20G/01UG | 225377.06_172836.2,225377.06,172836.2,15229,1979-10-01,2025-01-01,15250.3,daily,1301,"2011-04-03, 2011-04-04, 2011-04-05, 2011-04-06, 2011-04-07"
232667.06_123930.83,19C/10U | 232667.06_123930.83,232667.06,123930.83,15731,1979-10-01,2024-12-17,8681.3,daily,784,"2010-03-10, 2010-03-11, 2010-05-19, 2010-05-20, 2010-08-25"
233292.0_171477.0,19G/02UG | 233292.0_171477.0,233292.0,171477.0,15229,1979-10-01,2025-01-01,19587.8,daily,1301,"2011-04-03, 2011-04-04, 2011-04-05, 2011-04-06, 2011-04-07"
236023.0_122470.0,19C/08C | 236023.0_122470.0,236023.0,122470.0,15489,1979-10-01,2025-01-01,22682.3,daily,1041,"2010-03-17, 2010-03-18, 2010-03-19, 2010-03-20, 2010-03-21"
236579.55_115316.05,19C/07G | 236579.55_115316.05,236579.55,115316.055,15489,1979-10-01,2025-01-01,23434.1,daily,1041,"2010-03-17, 2010-03-18, 2010-03-19, 2010-03-20, 2010-03-21"
236628.66_119450.62,19C/13C | 236628.66_119450.62,236628.66,119450.62,16144,1979-10-01,2025-01-01,9043.8,daily,386,"2010-03-17, 2010-07-25, 2010-07-26, 2010-07-27, 2010-07-28"
237501.0_149977.0,19E/01UG | 237501.0_149977.0,237501.0,149977.0,16144,1979-10-01,2025-01-01,20291.7,daily,386,"2010-03-17, 2010-07-25, 2010-07-26, 2010-07-27, 2010-07-28"
238512.0_125981.0,19D/02UG | 238512.0_125981.0,238512.0,125981.0,16144,1979-10-01,2025-01-01,19219.9,daily,386,"2010-03-17, 2010-07-25, 2010-07-26, 2010-07-27, 2010-07-28"
238706.0_181073.0,19G/01UG | 238706.0_181073.0,238706.0,181073.0,15489,1979-10-01,2025-01-01,19498.9,daily,1041,"2010-03-17, 2010-03-18, 2010-03-19, 2010-03-20, 2010-03-21"
239794.69_114629.92,19C/05U | 239794.69_114629.92,239794.69,114629.92,15898,1979-10-01,2025-01-01,2466.6,daily,632,"2013-05-05, 2013-05-06, 2013-05-07, 2013-05-08, 2013-05-09"
241737.3_168665.78,19G/03C | 241737.3_168665.78,241737.3,168665.78,15731,1979-10-01,2024-12-17,8042.9,daily,784,"2010-03-10, 2010-03-11, 2010-05-19, 2010-05-20, 2010-08-25"
241796.56_117798.21,19C/04C | 241796.56_117798.21,241796.56,117798.21,16144,1979-10-01,2025-01-01,24976.1,daily,386,"2010-03-17, 2010-07-25, 2010-07-26, 2010-07-27, 2010-07-28"
241953.1_124089.55,19C/03G | 241953.1_124089.55,241953.11,124089.55,15324,1979-10-01,2025-01-01,11766.2,daily,1206,"2010-01-29, 2010-01-30, 2010-01-31, 2010-02-01, 2010-02-02"
244067.6_139383.98,19E/03UG | 244067.6_139383.98,244067.6,139383.98,14697,1979-10-01,2024-12-19,21446.0,daily,1820,"2010-04-14, 2010-04-15, 2010-04-16, 2010-04-17, 2010-04-18"
246011.0_170407.0,18G/03UC | 246011.0_170407.0,246011.0,170407.0,15489,1979-10-01,2025-01-01,22457.9,daily,1041,"2010-03-17, 2010-03-18, 2010-03-19, 2010-03-20, 2010-03-21"
249438.0_158139.0,18F/01UG | 249438.0_158139.0,249438.0,158139.0,15731,1979-10-01,2024-12-17,20229.1,daily,784,"2010-03-10, 2010-03-11, 2010-05-19, 2010-05-20, 2010-08-25"
249727.34_192664.19,18H/02UG | 249727.34_192664.19,249727.34,192664.17,14697,1979-10-01,2024-12-19,16900.9,daily,1820,"2010-04-14, 2010-04-15, 2010-04-16, 2010-04-17, 2010-04-18"
249748.0_128587.0,18D/03C | 249748.0_128587.0,249748.0,128587.0,15324,1979-10-01,2025-01-01,27571.5,daily,1206,"2010-01-29, 2010-01-30, 2010-01-31, 2010-02-01, 2010-02-02"
253931.0_150886.0,18E/01C | 253931.0_150886.0,253931.0,150886.0,14697,1979-10-01,2024-12-19,18583.9,daily,1820,"2010-04-14, 2010-04-15, 2010-04-16, 2010-04-17, 2010-04-18"
256219.0_181204.0,18G/01G | 256219.0_181204.0,256219.0,181204.0,15229,1979-10-01,2025-01-01,25158.4,daily,1301,"2011-04-03, 2011-04-04, 2011-04-05, 2011-04-06, 2011-04-07"
256822.1_191088.86,18H/04UG | 256822.1_191088.86,256822.1,191088.86,15898,1979-10-01,2025-01-01,22179.7,daily,632,"2013-05-05, 2013-05-06, 2013-05-07, 2013-05-08, 2013-05-09"
257158.0_137368.0,18D/02UG | 257158.0_137368.0,257158.0,137368.0,14697,1979-10-01,2024-12-19,22029.4,daily,1820,"2010-04-14, 2010-04-15, 2010-04-16, 2010-04-17, 2010-04-18"
258754.55_131181.53,18D/01C | 258754.55_131181.53,258754.55,131181.53,15731,1979-10-01,2024-12-17,24004.0,daily,784,"2010-03-10, 2010-03-11, 2010-05-19, 2010-05-20, 2010-08-25"
260637.0_174188.0,18G/02UG | 260637.0_174188.0,260637.0,174188.0,15898,1979-10-01,2025-01-01,19011.3,daily,632,"2013-05-05, 2013-05-06, 2013-05-07, 2013-05-08, 2013-05-09"
264527.06_199334.6,17I/02UG | 264527.06_199334.6,264527.06,199334.61,16530,1979-10-01,2025-01-01,21243.4,daily,0,
264929.22_147380.12,17E/03UG | 264929.22_147380.12,264929.22,147380.12,15731,1979-10-01,2024-12-17,26482.4,daily,784,"2010-03-10, 2010-03-11, 2010-05-19, 2010-05-20, 2010-08-25"
265977.0_169523.0,17G/02G | 265977.0_169523.0,265977.0,169523.0,15229,1979-10-01,2025-01-01,21751.5,daily,1301,"2011-04-03, 2011-04-04, 2011-04-05, 2011-04-06, 2011-04-07"
266511.28_138252.5,17D/04G | 266511.28_138252.5,266511.28,138252.5,15229,1979-10-01,2025-01-01,27496.6,daily,1301,"2011-04-03, 2011-04-04, 2011-04-05, 2011-04-06, 2011-04-07"
269299.22_154325.78,17F/01UG | 269299.22_154325.78,269299.22,154325.78,16144,1979-10-01,2025-01-01,24759.8,daily,386,"2010-03-17, 2010-07-25, 2010-07-26, 2010-07-27, 2010-07-28"
272152.22_141012.9,17E/01U | 272152.22_141012.9,272152.22,141012.9,15324,1979-10-01,2025-01-01,4934.0,daily,1206,"2010-01-29, 2010-01-30, 2010-01-31, 2010-02-01, 2010-02-02"
272184.28_145056.23,17E/02UG | 272184.28_145056.23,272184.28,145056.23,15324,1979-10-01,2025-01-01,30147.8,daily,1206,"2010-01-29, 2010-01-30, 2010-01-31, 2010-02-01, 2010-02-02"
272334.1_161133.11,17F/03G | 272334.1_161133.11,272334.1,161133.11,15324,1979-10-01,2025-01-01,9709.5,daily,1206,"2010-01-29, 2010-01-30, 2010-01-31, 2010-02-01, 2010-02-02"
276135.62_165933.62,17F/05UG | 276135.62_165933.62,276135.62,165933.62,15898,1979-10-01,2025-01-01,20144.6,daily,632,"2013-05-05, 2013-05-06, 2013-05-07, 2013-05-08, 2013-05-09"
276218.0_202682.0,17H/01C | 276218.0_202682.0,276218.0,202682.0,15324,1979-10-01,2025-01-01,23870.2,daily,1206,"2010-01-29, 2010-01-30, 2010-01-31, 2010-02-01, 2010-02-02"
276904.47_154390.0,17F/02CG | 276904.47_154390.0,276904.47,154390.0,15324,1979-10-01,2025-01-01,4519.4,daily,1206,"2010-01-29, 2010-01-30, 2010-01-31, 2010-02-01, 2010-02-02"
278641.38_182246.19,17G/04UG | 278641.38_182246.19,278641.38,182246.17,15229,1979-10-01,2025-01-01,23049.3,daily,1301,"2011-04-03, 2011-04-04, 2011-04-05, 2011-04-06, 2011-04-07"
280626.47_203182.95,16I/03UG | 280626.47_203182.95,280626.47,203182.97,16144,1979-10-01,2025-01-01,26359.7,daily,386,"2010-03-17, 2010-07-25, 2010-07-26, 2010-07-27, 2010-07-28"
280738.6_136021.36,17D/03UG | 280738.6_136021.36,280738.6,136021.36,15731,1979-10-01,2024-12-17,27556.1,daily,784,"2010-03-10, 2010-03-11, 2010-05-19, 2010-05-20, 2010-08-25"
282612.5_149071.95,16E/04U | 282612.5_149071.95,282612.5,149071.95,14697,1979-10-01,2024-12-19,14711.6,daily,1820,"2010-04-14, 2010-04-15, 2010-04-16, 2010-04-17, 2010-04-18"
283591.0_160616.0,16F/04C | 283591.0_160616.0,283591.0,160616.0,16144,1979-10-01,2025-01-01,34042.7,daily,386,"2010-03-17, 2010-07-25, 2010-07-26, 2010-07-27, 2010-07-28"
283700.53_152590.55,16E/02G | 283700.53_152590.55,283700.53,152590.55,15489,1979-10-01,2025-01-01,37703.5,daily,1041,"2010-03-17, 2010-03-18, 2010-03-19, 2010-03-20, 2010-03-21"
284686.5_171751.36,16G/02UG | 284686.5_171751.36,284686.5,171751.36,15229,1979-10-01,2025-01-01,19544.9,daily,1301,"2011-04-03, 2011-04-04, 2011-04-05, 2011-04-06, 2011-04-07"
285529.84_197688.48,16I/04UG | 285529.84_197688.48,285529.84,197688.48,14697,1979-10-01,2024-12-19,26896.7,daily,1820,"2010-04-14, 2010-04-15, 2010-04-16, 2010-04-17, 2010-04-18"
285731.2_183910.02,16H/01C | 285731.2_183910.02,285731.2,183910.02,15731,1979-10-01,2024-12-17,10331.2,daily,784,"2010-03-10, 2010-03-11, 2010-05-19, 2010-05-20, 2010-08-25"
291083.44_155857.45,16F/03U | 291083.44_155857.45,291083.44,155857.45,16530,1979-10-01,2025-01-01,13556.7,daily,0,
293148.44_177746.45,16G/01UG | 293148.44_177746.45,293148.44,177746.47,15898,1979-10-01,2025-01-01,28978.7,daily,632,"2013-05-05, 2013-05-06, 2013-05-07, 2013-05-08, 2013-05-09"
