site_id,site_label,y_m,x_m,n_obs,first_date,last_date,mean_nitrate,p95_nitrate,freq_label,missing_count,missing_first_5
180060.0_131860.0,443/46 | 180060.0_131860.0,180060.0,131860.0,37,2000-03-20 00:00:00+00:00,2023-10-18 10:30:00+00:00,28.348026,39.16600036621094,irregular,0,
180150.0_128950.0,443/734 | 180150.0_128950.0,180150.0,128950.0,15,2000-03-20 00:00:00+00:00,2006-10-23 00:00:00+00:00,12.193533,30.868999290466306,irregular,0,
182730.0_124410.0,443/733 | 182730.0_124410.0,182730.0,124410.0,10,2000-03-01 00:00:00+00:00,2005-03-14 00:00:00+00:00,2.6615,3.499500048160552,irregular,0,
183270.0_132250.0,443/263 | 183270.0_132250.0,183270.0,132250.0,39,2000-03-20 00:00:00+00:00,2023-10-18 10:00:00+00:00,35.155052,49.2,irregular,0,
183870.0_125750.0,443/940 | 183870.0_125750.0,183870.0,125750.0,12,2000-03-01 00:00:00+00:00,2005-10-03 00:00:00+00:00,37.382748,50.30399951934814,irregular,0,
184417.0_124269.0,443/1118 | 184417.0_124269.0,184417.0,124269.0,8,2006-02-22 00:00:00+00:00,2013-11-29 17:00:00+00:00,2.496,3.6499999999999995,irregular,0,
185060.0_146650.0,444/10 | 185060.0_146650.0,185060.0,146650.0,37,2000-03-20 00:00:00+00:00,2023-10-18 11:15:00+00:00,7.4781084,10.0,irregular,0,
186136.05_128391.0,443/1294 | 186136.05_128391.0,186136.03,128391.0,20,2013-03-11 11:45:00+00:00,2023-09-26 10:45:00+00:00,2.695,4.465000081062318,irregular,0,
186140.0_128410.0,443/922 | 186140.0_128410.0,186140.0,128410.0,20,2000-03-01 00:00:00+00:00,2011-02-17 12:14:00+00:00,10.4872,21.51200027465821,irregular,0,
187300.0_121600.0,443/48 | 187300.0_121600.0,187300.0,121600.0,38,2000-03-01 00:00:00+00:00,2023-09-26 11:20:00+00:00,4.230737,6.10499997138977,irregular,0,
187667.0_147761.0,444/AG71 | 187667.0_147761.0,187667.0,147761.0,4,2007-03-22 00:00:00+00:00,2011-02-17 13:35:00+00:00,37.527496,74.60549659729004,irregular,0,
188020.0_126050.0,443/920 | 188020.0_126050.0,188020.0,126050.0,18,2000-03-01 00:00:00+00:00,2010-06-21 12:00:00+00:00,5.552389,12.149999999999999,irregular,0,
188463.9_147305.98,444/456 | 188463.9_147305.98,188463.89,147305.98,19,2013-03-07 11:38:00+00:00,2023-10-18 11:45:00+00:00,12.573684,20.999999999999957,irregular,0,
189450.0_158200.0,445/63 | 189450.0_158200.0,189450.0,158200.0,34,2001-03-26 00:00:00+00:00,2023-04-05 00:00:00+00:00,4.0997353,10.0,irregular,0,
191395.0_129395.0,432/1014 | 191395.0_129395.0,191395.0,129395.0,3,2021-03-15 10:30:00+00:00,2023-09-19 10:20:00+00:00,0.89000005,0.8899999856948853,irregular,0,
191470.0_129370.0,432/740 | 191470.0_129370.0,191470.0,129370.0,35,2000-04-03 00:00:00+00:00,2023-03-27 10:15:00+00:00,1.4098858,3.8760000228881752,irregular,0,
193207.0_165002.0,434/AG54 | 193207.0_165002.0,193207.0,165002.0,28,2006-03-29 00:00:00+00:00,2023-09-19 12:00:00+00:00,14.335501,30.65,irregular,0,
193850.0_131320.0,432/787 | 193850.0_131320.0,193850.0,131320.0,1,2004-09-22 00:00:00+00:00,2004-09-22 00:00:00+00:00,0.664,0.6639999747276306,unknown,0,
194380.0_167936.0,434/2 | 194380.0_167936.0,194380.0,167936.0,5,2021-04-19 00:00:00+00:00,2023-04-10 00:00:00+00:00,1.8599999,2.0999999046325684,irregular,0,
194794.0_145744.0,433/AG50 | 194794.0_145744.0,194794.0,145744.0,21,2006-04-19 00:00:00+00:00,2021-03-02 11:50:00+00:00,32.28381,140.0,irregular,0,
194815.0_167631.0,434/3 | 194815.0_167631.0,194815.0,167631.0,5,2021-04-19 00:00:00+00:00,2023-04-10 00:00:00+00:00,9.08,17.2,irregular,0,
194839.56_123946.4,432/963 | 194839.56_123946.4,194839.56,123946.4,21,2013-03-05 09:55:00+00:00,2023-09-13 00:00:00+00:00,3.6190476,10.0,irregular,0,
194930.0_124200.0,432/724 | 194930.0_124200.0,194930.0,124200.0,20,2000-03-08 00:00:00+00:00,2011-02-17 08:25:00+00:00,0.7798,2.0,irregular,0,
195039.0_149725.0,433/AG76 | 195039.0_149725.0,195039.0,149725.0,23,2006-04-19 00:00:00+00:00,2020-10-27 11:45:00+00:00,45.303043,99.19999999999999,irregular,0,
195200.0_167360.0,434/307 | 195200.0_167360.0,195200.0,167360.0,5,2021-04-19 00:00:00+00:00,2023-04-10 00:00:00+00:00,1.4,1.5800000190734864,irregular,0,
197120.0_130280.0,432/549 | 197120.0_130280.0,197120.0,130280.0,45,2000-03-08 00:00:00+00:00,2023-08-30 00:00:00+00:00,17.35789,23.9,irregular,0,
197293.0_140237.0,433/AG74 | 197293.0_140237.0,197293.0,140237.0,30,2006-03-20 00:00:00+00:00,2023-09-19 11:25:00+00:00,24.467335,52.55,irregular,0,
204500.4_154278.7,420/105 | 204500.4_154278.7,204500.4,154278.7,7,2006-03-29 00:00:00+00:00,2010-07-26 17:10:00+00:00,9.414286,13.0,irregular,0,
204799.0_136088.0,419/AG3 | 204799.0_136088.0,204799.0,136088.0,19,2006-11-09 00:00:00+00:00,2023-10-11 11:15:00+00:00,85.210526,120.99999999999997,irregular,0,
204958.0_131467.0,418/AG49 | 204958.0_131467.0,204958.0,131467.0,30,2006-03-20 00:00:00+00:00,2023-10-11 12:10:00+00:00,90.6,165.49999999999997,irregular,0,
204980.0_135060.0,418/4 | 204980.0_135060.0,204980.0,135060.0,28,2000-03-13 00:00:00+00:00,2016-11-03 12:10:00+00:00,0.94614285,2.0,irregular,0,
207520.0_132260.0,418/15 | 207520.0_132260.0,207520.0,132260.0,9,2018-03-27 09:20:00+00:00,2023-10-11 12:50:00+00:00,2.5977776,7.579999923706054,irregular,0,
208638.9_148789.9,419/37 | 208638.9_148789.9,208638.9,148789.9,9,2019-03-19 10:50:00+00:00,2023-10-11 10:35:00+00:00,3.0111113,7.0200002670288075,irregular,0,
210230.0_147250.0,405/86 | 210230.0_147250.0,210230.0,147250.0,37,2000-03-13 00:00:00+00:00,2018-10-18 00:00:00+00:00,1.0194595,2.026000022888183,irregular,0,
210870.0_134850.0,404/69 | 210870.0_134850.0,210870.0,134850.0,20,2000-03-13 00:00:00+00:00,2013-04-02 09:40:00+00:00,1.3332,5.0150000095367435,irregular,0,
210931.0_147609.0,405/166 | 210931.0_147609.0,210931.0,147609.0,16,2013-02-21 00:00:00+00:00,2023-05-23 00:00:00+00:00,1.19375,1.8250000476837158,irregular,0,
211339.0_139649.0,405/AG6 | 211339.0_139649.0,211339.0,139649.0,6,2006-03-20 00:00:00+00:00,2009-10-26 00:00:00+00:00,58.968002,103.5,irregular,0,
212681.0_136682.0,405/32 | 212681.0_136682.0,212681.0,136682.0,10,2018-05-02 11:10:00+00:00,2023-10-11 11:40:00+00:00,1.053,1.6299999654293054,irregular,0,
217770.0_133900.0,404/73 | 217770.0_133900.0,217770.0,133900.0,18,2000-04-10 00:00:00+00:00,2023-04-26 00:00:00+00:00,0.7722222,1.0,irregular,0,
217770.0_133919.0,390/106 | 217770.0_133919.0,217770.0,133919.0,15,2016-01-27 00:00:00+00:00,2023-04-26 00:00:00+00:00,1.0,1.0,irregular,0,
219500.0_136600.0,405/17 | 219500.0_136600.0,219500.0,136600.0,40,2000-03-13 00:00:00+00:00,2023-09-18 11:55:00+00:00,11.34575,48.15949993133544,irregular,0,
221120.0_148130.0,391/404 | 221120.0_148130.0,221120.0,148130.0,43,2000-03-13 00:00:00+00:00,2023-05-09 00:00:00+00:00,15.2673025,36.565000152587885,irregular,0,
222106.0_132573.0,390/125 | 222106.0_132573.0,222106.0,132573.0,14,2016-03-16 00:00:00+00:00,2023-04-17 00:00:00+00:00,1.0,1.0,irregular,0,
222574.2_159869.5,392/106 | 222574.2_159869.5,222574.2,159869.5,6,2013-02-26 00:00:00+00:00,2016-09-20 00:00:00+00:00,4.616667,5.1499998569488525,irregular,0,
222600.0_133220.0,390/116 | 222600.0_133220.0,222600.0,133220.0,11,2016-04-13 00:00:00+00:00,2023-04-12 00:00:00+00:00,1.0,1.0,irregular,0,
222676.0_133310.0,390/95 | 222676.0_133310.0,222676.0,133310.0,9,2016-03-09 00:00:00+00:00,2022-10-12 00:00:00+00:00,1.0,1.0,irregular,0,
223500.0_145970.0,391/244 | 223500.0_145970.0,223500.0,145970.0,21,2000-03-13 00:00:00+00:00,2011-03-29 11:00:00+00:00,15.589952,25.209999084472656,irregular,0,
223620.0_141270.0,391/280 | 223620.0_141270.0,223620.0,141270.0,15,2000-03-13 00:00:00+00:00,2011-03-29 14:30:00+00:00,0.70306665,1.6542000293731685,irregular,0,
223636.05_141296.94,391/477 | 223636.05_141296.94,223636.03,141296.94,31,2013-04-01 09:20:00+00:00,2023-09-18 10:30:00+00:00,0.97193545,1.0,irregular,0,
224099.0_144440.0,391/AG14 | 224099.0_144440.0,224099.0,144440.0,29,2006-03-20 00:00:00+00:00,2023-09-18 11:00:00+00:00,45.70414,85.19999999999993,irregular,0,
224433.0_151239.0,391/312 | 224433.0_151239.0,224433.0,151239.0,2,2012-05-31 00:00:00+00:00,2013-02-20 00:00:00+00:00,11.0,13.7,irregular,0,
225430.0_147560.0,391/266 | 225430.0_147560.0,225430.0,147560.0,18,2000-03-27 00:00:00+00:00,2012-12-05 09:45:00+00:00,1.1356666,3.9660000324249265,irregular,0,
226240.0_146740.0,391/33 | 226240.0_146740.0,226240.0,146740.0,31,2000-03-27 00:00:00+00:00,2019-10-03 11:15:00+00:00,39.470646,82.65499877929688,irregular,0,
231100.0_152550.0,378/57 | 231100.0_152550.0,231100.0,152550.0,21,2000-03-27 00:00:00+00:00,2012-12-05 10:45:00+00:00,2.1426666,3.940000057220459,irregular,0,
234273.0_148399.0,377/94 | 234273.0_148399.0,234273.0,148399.0,39,2000-03-27 00:00:00+00:00,2023-09-25 10:50:00+00:00,45.696667,148.0000000000001,irregular,0,
234550.0_144300.0,377/262 | 234550.0_144300.0,234550.0,144300.0,29,2002-11-12 00:00:00+00:00,2018-10-03 11:30:00+00:00,1.1089655,2.059999942779541,irregular,0,
237050.0_150150.0,377/236 | 237050.0_150150.0,237050.0,150150.0,17,2000-03-27 00:00:00+00:00,2010-07-12 09:45:00+00:00,2.385294,4.799999999999995,irregular,0,
237470.0_147040.0,377/264 | 237470.0_147040.0,237470.0,147040.0,25,2002-11-12 00:00:00+00:00,2023-10-23 11:05:00+00:00,1.09824,1.9200000047683705,irregular,0,
238350.0_161400.0,378/63 | 238350.0_161400.0,238350.0,161400.0,44,2000-03-27 00:00:00+00:00,2023-10-02 09:30:00+00:00,9.273318,20.85,irregular,0,
239000.0_147600.0,377/263 | 239000.0_147600.0,239000.0,147600.0,4,2002-11-18 00:00:00+00:00,2006-09-05 00:00:00+00:00,0.75,0.8399999737739563,irregular,0,
239462.0_146752.0,377/287 | 239462.0_146752.0,239462.0,146752.0,1,2010-07-12 12:55:00+00:00,2010-07-12 12:55:00+00:00,2.0,2.0,unknown,0,
241900.0_147360.0,364/259 | 241900.0_147360.0,241900.0,147360.0,32,2002-11-12 00:00:00+00:00,2021-03-01 12:50:00+00:00,2.3458438,8.21499991416931,irregular,0,
241950.0_152850.0,365/15 | 241950.0_152850.0,241950.0,152850.0,39,2002-10-29 00:00:00+00:00,2023-10-02 09:10:00+00:00,11.777846,37.000000000000014,irregular,0,
242603.0_166194.0,365/AG25 | 242603.0_166194.0,242603.0,166194.0,31,2006-11-09 00:00:00+00:00,2023-10-02 09:55:00+00:00,162.58775,330.0,irregular,0,
243744.0_167341.0,365/AG18 | 243744.0_167341.0,243744.0,167341.0,5,2006-04-10 00:00:00+00:00,2008-04-07 00:00:00+00:00,356.0,390.0,irregular,0,
244000.0_149570.0,364/260 | 244000.0_149570.0,244000.0,149570.0,7,2002-11-11 00:00:00+00:00,2005-09-06 00:00:00+00:00,3.8165715,7.893199920654295,irregular,0,
244005.0_149575.0,364/297 | 244005.0_149575.0,244005.0,149575.0,25,2006-03-07 00:00:00+00:00,2022-09-26 11:45:00+00:00,1.0142399,1.8980000019073473,irregular,0,
244383.0_167982.0,365/AG19 | 244383.0_167982.0,244383.0,167982.0,5,2006-04-10 00:00:00+00:00,2008-10-22 00:00:00+00:00,100.6,118.0,irregular,0,
244710.0_161520.0,365/27 | 244710.0_161520.0,244710.0,161520.0,45,2000-03-27 00:00:00+00:00,2023-05-10 00:00:00+00:00,1.1088444,1.9599999904632563,irregular,0,
245140.0_154350.0,365/470 | 245140.0_154350.0,245140.0,154350.0,37,2002-10-29 00:00:00+00:00,2023-10-02 08:45:00+00:00,69.21506,93.96999969482418,irregular,0,
247540.0_156160.0,365/471 | 247540.0_156160.0,247540.0,156160.0,6,2002-10-29 00:00:00+00:00,2005-04-04 00:00:00+00:00,73.83833,87.75,irregular,0,
248280.0_156920.0,365/18 | 248280.0_156920.0,248280.0,156920.0,3,2000-03-27 00:00:00+00:00,2001-04-16 00:00:00+00:00,0.18,0.18000000715255737,irregular,0,
250290.0_153770.0,353/363 | 250290.0_153770.0,250290.0,153770.0,34,2003-10-07 00:00:00+00:00,2023-10-02 08:20:00+00:00,1.161647,1.278499990701673,irregular,0,
250300.0_158460.0,353/22 | 250300.0_158460.0,250300.0,158460.0,31,2002-11-11 00:00:00+00:00,2020-03-03 11:15:00+00:00,91.398254,108.13999938964844,irregular,0,
250302.5_158622.2,353/691 | 250302.5_158622.2,250302.5,158622.2,2,2023-03-08 10:50:00+00:00,2023-10-02 10:50:00+00:00,130.0,130.0,irregular,0,
252892.0_163432.0,353/687 | 252892.0_163432.0,252892.0,163432.0,1,2013-01-31 00:00:00+00:00,2013-01-31 00:00:00+00:00,18.0,18.0,unknown,0,
253010.0_153980.0,353/30 | 253010.0_153980.0,253010.0,153980.0,30,2000-03-20 00:00:00+00:00,2023-09-04 00:00:00+00:00,4.3306665,11.0,irregular,0,
253600.0_162940.0,353/353 | 253600.0_162940.0,253600.0,162940.0,2,2000-03-27 00:00:00+00:00,2000-10-16 00:00:00+00:00,8.97,12.984000301361084,irregular,0,
253650.0_155460.0,353/362 | 253650.0_155460.0,253650.0,155460.0,13,2002-11-18 00:00:00+00:00,2011-03-31 12:30:00+00:00,6.4573846,28.599999999999973,irregular,0,
256040.0_161750.0,353/87 | 256040.0_161750.0,256040.0,161750.0,38,2002-11-11 00:00:00+00:00,2023-10-02 11:30:00+00:00,82.84437,110.0,irregular,0,
258000.0_165001.0,353/373 | 258000.0_165001.0,258000.0,165001.0,35,2003-04-07 00:00:00+00:00,2023-09-20 12:30:00+00:00,10.078,31.19999999999999,irregular,0,
258300.0_166310.0,353/26 | 258300.0_166310.0,258300.0,166310.0,11,2000-04-17 00:00:00+00:00,2005-05-10 00:00:00+00:00,0.4749091,0.8399999737739563,irregular,0,
260910.0_166960.0,341/251 | 260910.0_166960.0,260910.0,166960.0,13,2002-11-06 00:00:00+00:00,2010-06-25 10:45:00+00:00,1.7326154,6.0400001287460165,irregular,0,
262470.0_161780.0,341/252 | 262470.0_161780.0,262470.0,161780.0,16,2002-11-05 00:00:00+00:00,2011-03-31 11:36:00+00:00,27.047,47.34500026702881,irregular,0,
263000.0_163850.0,341/242 | 263000.0_163850.0,263000.0,163850.0,19,2000-03-20 00:00:00+00:00,2010-07-13 12:20:00+00:00,0.74557894,0.9973999857902504,irregular,0,
264600.0_164000.0,341/253 | 264600.0_164000.0,264600.0,164000.0,32,2002-11-26 00:00:00+00:00,2023-10-16 09:00:00+00:00,125.041565,163.18500137329102,irregular,0,
264987.0_165584.0,341/240 | 264987.0_165584.0,264987.0,165584.0,16,2000-04-12 00:00:00+00:00,2008-10-01 00:00:00+00:00,1.6183751,4.717500030994415,irregular,0,
265050.0_165540.0,341/17 | 265050.0_165540.0,265050.0,165540.0,36,2003-04-14 00:00:00+00:00,2023-03-07 09:40:00+00:00,16.284222,71.12999725341797,irregular,0,
265270.0_167050.0,341/254 | 265270.0_167050.0,265270.0,167050.0,22,2002-11-05 00:00:00+00:00,2017-10-25 09:50:00+00:00,2.705091,10.599999999999994,irregular,0,
266170.0_165643.0,341/241 | 266170.0_165643.0,266170.0,165643.0,43,2000-04-12 00:00:00+00:00,2023-10-16 09:20:00+00:00,0.94186044,2.0,irregular,0,
267550.0_168420.0,342/115 | 267550.0_168420.0,267550.0,168420.0,39,2002-11-06 00:00:00+00:00,2023-10-16 09:50:00+00:00,91.18667,120.0,irregular,0,
268440.0_166540.0,341/255 | 268440.0_166540.0,268440.0,166540.0,5,2002-11-05 00:00:00+00:00,2006-09-06 00:00:00+00:00,40.478,53.33600006103516,irregular,0,
268700.0_171250.0,342/113 | 268700.0_171250.0,268700.0,171250.0,37,2002-10-23 00:00:00+00:00,2023-09-25 10:20:00+00:00,91.35665,135.3999999999999,irregular,0,
268980.0_168360.0,342/114 | 268980.0_168360.0,268980.0,168360.0,29,2002-10-28 00:00:00+00:00,2023-09-25 10:40:00+00:00,129.1262,200.0,irregular,0,
269032.0_166921.0,341/269 | 269032.0_166921.0,269032.0,166921.0,2,2007-03-14 00:00:00+00:00,2010-06-24 11:55:00+00:00,161.8,304.1800003051758,irregular,0,
270663.0_167873.0,329/341 | 270663.0_167873.0,270663.0,167873.0,25,2007-03-22 00:00:00+00:00,2023-09-25 09:35:00+00:00,45.5172,72.8,irregular,0,
270680.0_174290.0,330/186 | 270680.0_174290.0,270680.0,174290.0,15,2000-04-17 00:00:00+00:00,2008-03-31 00:00:00+00:00,32.374,46.20199966430663,irregular,0,
270792.0_174332.0,330/22 | 270792.0_174332.0,270792.0,174332.0,2,2010-06-25 12:30:00+00:00,2014-05-15 00:00:00+00:00,14.0,14.0,irregular,0,
271040.0_166700.0,329/6 | 271040.0_166700.0,271040.0,166700.0,5,2003-05-26 00:00:00+00:00,2005-09-13 00:00:00+00:00,8.497999,13.068000030517577,irregular,0,
271230.0_167360.0,329/150 | 271230.0_167360.0,271230.0,167360.0,10,2000-04-12 00:00:00+00:00,2005-04-18 00:00:00+00:00,5.8543997,8.917299962043758,irregular,0,
271260.0_167430.0,329/10 | 271260.0_167430.0,271260.0,167430.0,16,2000-04-12 00:00:00+00:00,2008-10-01 00:00:00+00:00,15.647687,20.47749948501587,irregular,0,
271440.0_171120.0,330/235 | 271440.0_171120.0,271440.0,171120.0,17,2002-11-26 00:00:00+00:00,2011-03-23 09:00:00+00:00,131.51411,168.44000244140625,irregular,0,
271850.0_174000.0,330/230 | 271850.0_174000.0,271850.0,174000.0,15,2002-10-23 00:00:00+00:00,2010-06-25 14:30:00+00:00,22.491201,47.947999954223576,irregular,0,
273470.0_170250.0,330/233 | 273470.0_170250.0,273470.0,170250.0,39,2002-10-28 00:00:00+00:00,2023-09-25 09:00:00+00:00,96.84564,124.0,irregular,0,
274000.0_174380.0,330/232 | 274000.0_174380.0,274000.0,174380.0,9,2002-10-28 00:00:00+00:00,2007-05-09 00:00:00+00:00,127.50066,173.16000366210938,irregular,0,
274050.0_169030.0,330/234 | 274050.0_169030.0,274050.0,169030.0,35,2002-10-23 00:00:00+00:00,2023-09-25 08:40:00+00:00,17.142344,49.999999999999915,irregular,0,
275180.0_175050.0,330/231 | 275180.0_175050.0,275180.0,175050.0,30,2002-11-06 00:00:00+00:00,2023-09-20 11:40:00+00:00,31.608934,42.36999931335449,irregular,0,
275630.0_176820.0,330/187 | 275630.0_176820.0,275630.0,176820.0,23,2000-04-17 00:00:00+00:00,2014-09-29 11:00:00+00:00,4.673913,8.894000339508054,irregular,0,
276740.0_187630.0,331/129 | 276740.0_187630.0,276740.0,187630.0,25,2002-11-04 00:00:00+00:00,2020-09-23 09:20:00+00:00,35.93396,54.8,irregular,0,
277700.0_188860.0,331/130 | 277700.0_188860.0,277700.0,188860.0,38,2002-11-04 00:00:00+00:00,2023-09-26 09:20:00+00:00,19.084394,40.0,irregular,0,
277700.0_189600.0,331/131 | 277700.0_189600.0,277700.0,189600.0,16,2002-11-04 00:00:00+00:00,2014-10-14 09:50:00+00:00,46.133873,88.25,irregular,0,
278970.0_188570.0,331/1 | 278970.0_188570.0,278970.0,188570.0,12,2002-11-19 00:00:00+00:00,2008-03-24 00:00:00+00:00,36.5675,40.28349990844727,irregular,0,
